CHROM,POS,REF,ALT,Variant_ID
CM007970.1,208,C,CCACACACCCA,CM007970.1_208_C_CCACACACCCA
CM007970.1,49467,G,A,CM007970.1_49467_G_A
CM007970.1,85087,GA,G,CM007970.1_85087_GA_G
CM007970.1,163010,CA,C,CM007970.1_163010_CA_C
CM007970.1,163383,CA,C,CM007970.1_163383_CA_C
CM007970.1,363370,TAA,T,CM007970.1_363370_TAA_T
CM007970.1,394427,GA,G,CM007970.1_394427_GA_G
CM007970.1,443718,C,A,CM007970.1_443718_C_A
CM007970.1,482499,G,GC,CM007970.1_482499_G_GC
CM007970.1,495097,AT,A,CM007970.1_495097_AT_A
CM007970.1,527740,TACG,T,CM007970.1_527740_TACG_T
CM007970.1,552359,T,C,CM007970.1_552359_T_C
CM007970.1,579658,TA,T,CM007970.1_579658_TA_T
CM007970.1,591742,C,T,CM007970.1_591742_C_T
CM007970.1,593589,G,T,CM007970.1_593589_G_T
CM007970.1,606238,T,TA,CM007970.1_606238_T_TA
CM007970.1,608638,C,CA,CM007970.1_608638_C_CA
CM007970.1,608706,C,CT,CM007970.1_608706_C_CT
CM007970.1,613297,AT,A,CM007970.1_613297_AT_A
CM007970.1,614579,T,TA,CM007970.1_614579_T_TA
CM007970.1,648184,GA,G,CM007970.1_648184_GA_G
CM007970.1,649207,G,C,CM007970.1_649207_G_C
CM007970.1,675910,A,AT,CM007970.1_675910_A_AT
CM007970.1,696565,G,GT,CM007970.1_696565_G_GT
CM007970.1,697569,ATTTTTTTTTTTTTTTTTTTTTTTCTCANNNNNNNNNNTTTTTTT,A,CM007970.1_697569_ATTTTTTTTTTTTTTTTTTTTTTTCTCANNNNNNNNNNTTTTTTT_A
CM007970.1,725225,CT,C,CM007970.1_725225_CT_C
CM007970.1,752749,C,CTT,CM007970.1_752749_C_CTT
CM007970.1,818556,C,CA,CM007970.1_818556_C_CA
CM007970.1,823352,AT,A,CM007970.1_823352_AT_A
CM007970.1,848074,G,GAT,CM007970.1_848074_G_GAT
CM007970.1,848101,G,GA,CM007970.1_848101_G_GA
CM007970.1,855954,A,AT,CM007970.1_855954_A_AT
CM007970.1,855989,C,CA,CM007970.1_855989_C_CA
CM007970.1,982371,G,GA,CM007970.1_982371_G_GA
CM007970.1,1011419,C,CT,CM007970.1_1011419_C_CT
CM007970.1,1011597,CA,C,CM007970.1_1011597_CA_C
CM007970.1,1052732,A,AT,CM007970.1_1052732_A_AT
CM007971.1,95192,AT,A,CM007971.1_95192_AT_A
CM007971.1,107560,C,CT,CM007971.1_107560_C_CT
CM007971.1,111680,A,AT,CM007971.1_111680_A_AT
CM007971.1,112675,G,GA,CM007971.1_112675_G_GA
CM007971.1,113074,GA,G,CM007971.1_113074_GA_G
CM007971.1,142266,C,G,CM007971.1_142266_C_G
CM007971.1,169108,GA,G,CM007971.1_169108_GA_G
CM007971.1,183019,GA,G,CM007971.1_183019_GA_G
CM007971.1,185088,G,GA,CM007971.1_185088_G_GA
CM007971.1,206259,A,AT,CM007971.1_206259_A_AT
CM007971.1,237175,GAA,G,CM007971.1_237175_GAA_G
CM007971.1,284465,C,CA,CM007971.1_284465_C_CA
CM007971.1,297546,C,CA,CM007971.1_297546_C_CA
CM007971.1,389454,G,GA,CM007971.1_389454_G_GA
CM007971.1,392611,GTAGCCGTTTCCACGTTTTAACGGCTTTTTTTTNNNNNNNNNN,G,CM007971.1_392611_GTAGCCGTTTCCACGTTTTAACGGCTTTTTTTTNNNNNNNNNN_G
CM007971.1,405016,GAA,G,CM007971.1_405016_GAA_G
CM007971.1,564905,G,GGT,CM007971.1_564905_G_GGT
CM007975.1,54338,A,AT,CM007975.1_54338_A_AT
CM007975.1,218922,G,GA,CM007975.1_218922_G_GA
CM007975.1,221471,G,A,CM007975.1_221471_G_A
CM007975.1,270381,G,GA,CM007975.1_270381_G_GA
CM007975.1,359121,G,GT,CM007975.1_359121_G_GT
CM007975.1,364004,C,CA,CM007975.1_364004_C_CA
CM007975.1,378022,T,G,CM007975.1_378022_T_G
CM007975.1,388302,C,CA,CM007975.1_388302_C_CA
CM007975.1,447413,C,CA,CM007975.1_447413_C_CA
CM007975.1,477739,A,T,CM007975.1_477739_A_T
CM007975.1,478018,A,C,CM007975.1_478018_A_C
CM007975.1,478019,A,C,CM007975.1_478019_A_C
CM007975.1,478103,T,C,CM007975.1_478103_T_C
CM007975.1,478132,G,T,CM007975.1_478132_G_T
CM007975.1,478147,A,T,CM007975.1_478147_A_T
CM007975.1,478155,A,G,CM007975.1_478155_A_G
CM007975.1,478183,T,A,CM007975.1_478183_T_A
CM007975.1,478710,G,A,CM007975.1_478710_G_A
CM007975.1,478754,C,T,CM007975.1_478754_C_T
CM007975.1,478810,C,T,CM007975.1_478810_C_T
CM007975.1,478813,A,T,CM007975.1_478813_A_T
CM007975.1,516012,C,CT,CM007975.1_516012_C_CT
CM007975.1,538404,C,CA,CM007975.1_538404_C_CA
CM007975.1,576747,C,G,CM007975.1_576747_C_G
CM007975.1,640348,G,GT,CM007975.1_640348_G_GT
CM007975.1,682325,GA,G,CM007975.1_682325_GA_G
CM007975.1,686525,TAAAAAAAAAAAAAAAAAAANNNNNNNNN,T,CM007975.1_686525_TAAAAAAAAAAAAAAAAAAANNNNNNNNN_T
CM007975.1,717737,A,AT,CM007975.1_717737_A_AT
CM007975.1,779727,TA,T,CM007975.1_779727_TA_T
CM007975.1,785881,G,A,CM007975.1_785881_G_A
CM007975.1,846128,AT,A,CM007975.1_846128_AT_A
CM007975.1,846526,A,AT,CM007975.1_846526_A_AT
CM007975.1,851055,C,CT,CM007975.1_851055_C_CT
CM007975.1,865899,CAT,C,CM007975.1_865899_CAT_C
CM007975.1,915002,A,AT,CM007975.1_915002_A_AT
CM007975.1,1003068,GA,G,CM007975.1_1003068_GA_G
CM007975.1,1078259,GGT,G,CM007975.1_1078259_GGT_G
CM007976.1,96,CCCA,C,CM007976.1_96_CCCA_C
CM007976.1,99,ACCACAC,A,CM007976.1_99_ACCACAC_A
CM007976.1,21268,A,AT,CM007976.1_21268_A_AT
CM007976.1,36501,GAA,G,CM007976.1_36501_GAA_G
CM007976.1,56997,G,GA,CM007976.1_56997_G_GA
CM007976.1,85391,A,AT,CM007976.1_85391_A_AT
CM007976.1,165460,ANNNNNNNNNNC,A,CM007976.1_165460_ANNNNNNNNNNC_A
CM007976.1,165474,C,G,CM007976.1_165474_C_G
CM007976.1,209396,CT,C,CM007976.1_209396_CT_C
CM007976.1,309091,G,GA,CM007976.1_309091_G_GA
CM007976.1,406580,TA,T,CM007976.1_406580_TA_T
CM007976.1,428706,A,G,CM007976.1_428706_A_G
CM007976.1,476051,GA,G,CM007976.1_476051_GA_G
CM007976.1,483937,GCCTGCCGGTACCGGCTTTGNNNNNNNNNN,G,CM007976.1_483937_GCCTGCCGGTACCGGCTTTGNNNNNNNNNN_G
CM007976.1,514430,AT,A,CM007976.1_514430_AT_A
CM007976.1,542288,A,G,CM007976.1_542288_A_G
CM007976.1,557762,TTA,T,CM007976.1_557762_TTA_T
CM007976.1,626022,C,CT,CM007976.1_626022_C_CT
CM007976.1,667515,C,CAA,CM007976.1_667515_C_CAA
CM007976.1,698989,T,TA,CM007976.1_698989_T_TA
CM007976.1,732289,A,AT,CM007976.1_732289_A_AT
CM007976.1,739337,T,C,CM007976.1_739337_T_C
CM007976.1,757907,T,TA,CM007976.1_757907_T_TA
CM007976.1,763060,G,GT,CM007976.1_763060_G_GT
CM007976.1,776796,A,AT,CM007976.1_776796_A_AT
CM007976.1,785533,C,CT,CM007976.1_785533_C_CT
CM007976.1,790889,G,A,CM007976.1_790889_G_A
CM007976.1,814424,C,CA,CM007976.1_814424_C_CA
CM007976.1,850826,T,TC,CM007976.1_850826_T_TC
CM007976.1,860983,C,CT,CM007976.1_860983_C_CT
CM007976.1,893080,T,TA,CM007976.1_893080_T_TA
CM007977.1,11030,T,TA,CM007977.1_11030_T_TA
CM007977.1,118161,C,T,CM007977.1_118161_C_T
CM007977.1,196705,C,CT,CM007977.1_196705_C_CT
CM007977.1,198790,A,AT,CM007977.1_198790_A_AT
CM007977.1,284126,C,CA,CM007977.1_284126_C_CA
CM007977.1,322582,A,AT,CM007977.1_322582_A_AT
CM007977.1,480725,AT,A,CM007977.1_480725_AT_A
CM007977.1,494790,T,TA,CM007977.1_494790_T_TA
CM007977.1,501292,GA,G,CM007977.1_501292_GA_G
CM007977.1,502153,G,T,CM007977.1_502153_G_T
CM007977.1,519030,T,G,CM007977.1_519030_T_G
CM007977.1,521737,C,T,CM007977.1_521737_C_T
CM007977.1,634671,T,TA,CM007977.1_634671_T_TA
CM007977.1,678237,GA,G,CM007977.1_678237_GA_G
CM007977.1,683908,CA,C,CM007977.1_683908_CA_C
CM007977.1,768570,T,TG,CM007977.1_768570_T_TG
CM007977.1,785872,T,C,CM007977.1_785872_T_C
CM007977.1,785900,A,G,CM007977.1_785900_A_G
CM007977.1,785902,A,G,CM007977.1_785902_A_G
CM007977.1,785913,T,G,CM007977.1_785913_T_G
CM007977.1,785932,A,G,CM007977.1_785932_A_G
CM007977.1,785940,A,G,CM007977.1_785940_A_G
CM007977.1,785941,C,G,CM007977.1_785941_C_G
CM007977.1,785943,G,C,CM007977.1_785943_G_C
CM007977.1,785948,G,T,CM007977.1_785948_G_T
CM007977.1,785950,C,G,CM007977.1_785950_C_G
CM007977.1,793177,g,gT,CM007977.1_793177_g_gT
CM007977.1,793192,T,G,CM007977.1_793192_T_G
CM007977.1,793193,G,T,CM007977.1_793193_G_T
