JRIU01000031.1	45696	G	A	94.9812	56
JRIU01000031.1	45777	G	A	65.9202	43
JRIU01000031.1	45786	A	G	64.9154	45
JRIU01000031.1	45788	T	C	57.8716	44
JRIU01000031.1	45801	A	G	53.9058	49
JRIU01000031.1	45810	A	G	70.9554	52
JRIU01000031.1	45696	G	A	52.7215	55
JRIU01000031.1	126992	T	C	49.918	33
JRIU01000031.1	126994	A	T	49.9087	31
JRIU01000031.1	126995	G	C	49.9087	31
JRIU01000031.1	126997	C	A	49.918	32
JRIU01000031.1	5517	A	G	47.9169	42
JRIU01000031.1	45696	G	A	37.3899	47
JRIU01000031.1	126992	T	C	21.8855	22
JRIU01000031.1	126994	A	T	23.9268	20
JRIU01000031.1	126995	G	C	23.9268	20
JRIU01000031.1	126997	C	A	23.9268	20
