Sample	Treatment	Scaffold	Position	Ref	Alt	Quality	Variant_Type	Effect	Impact	Annotation_Gene_ID	All_Annotation_Gene_IDs	Nearest_ERG_Gene	Nearest_ERG_Gene_SC_ID	Nearest_ERG_Gene_ERG	Distance_to_ERG	ERG_Position_Relative	Nearest_Genomewide_Gene	Nearest_Genomewide_Gene_SC_ID	Nearest_Genomewide_Gene_Name	Distance_to_Genomewide	Genomewide_Position_Relative	Annotation_Matches_Nearest_Genomewide
CAS-55-1	CAS	w303_scaffold_7	579658	TA	T	34.4426	DELETION	upstream_gene_variant	MODIFIER	W3030G02850	W3030G02830,W3030G02840,W3030G02850,W3030G02850-W3030G02860,W3030G02860,W3030G02870,W3030G02880	W3030G02990	YGR060W	ERG25	28033	upstream	W3030G02860		W303_0G02860	461	upstream	False
CAS-55-1	CAS	w303_scaffold_7	579658	TA	T	34.4426	DELETION	upstream_gene_variant	MODIFIER	W3030G02870	W3030G02830,W3030G02840,W3030G02850,W3030G02850-W3030G02860,W3030G02860,W3030G02870,W3030G02880	W3030G02990	YGR060W	ERG25	28033	upstream	W3030G02860		W303_0G02860	461	upstream	False
CAS-55-1	CAS	w303_scaffold_7	579658	TA	T	34.4426	DELETION	downstream_gene_variant	MODIFIER	W3030G02830	W3030G02830,W3030G02840,W3030G02850,W3030G02850-W3030G02860,W3030G02860,W3030G02870,W3030G02880	W3030G02990	YGR060W	ERG25	28033	upstream	W3030G02860		W303_0G02860	461	upstream	False
CAS-55-1	CAS	w303_scaffold_7	579658	TA	T	34.4426	DELETION	downstream_gene_variant	MODIFIER	W3030G02840	W3030G02830,W3030G02840,W3030G02850,W3030G02850-W3030G02860,W3030G02860,W3030G02870,W3030G02880	W3030G02990	YGR060W	ERG25	28033	upstream	W3030G02860		W303_0G02860	461	upstream	False
CAS-55-1	CAS	w303_scaffold_7	579658	TA	T	34.4426	DELETION	downstream_gene_variant	MODIFIER	W3030G02860	W3030G02830,W3030G02840,W3030G02850,W3030G02850-W3030G02860,W3030G02860,W3030G02870,W3030G02880	W3030G02990	YGR060W	ERG25	28033	upstream	W3030G02860		W303_0G02860	461	upstream	True
CAS-55-1	CAS	w303_scaffold_7	579658	TA	T	34.4426	DELETION	downstream_gene_variant	MODIFIER	W3030G02880	W3030G02830,W3030G02840,W3030G02850,W3030G02850-W3030G02860,W3030G02860,W3030G02870,W3030G02880	W3030G02990	YGR060W	ERG25	28033	upstream	W3030G02860		W303_0G02860	461	upstream	False
CAS-55-1	CAS	w303_scaffold_7	579658	TA	T	34.4426	DELETION	intergenic_region	MODIFIER	W3030G02850-W3030G02860	W3030G02830,W3030G02840,W3030G02850,W3030G02850-W3030G02860,W3030G02860,W3030G02870,W3030G02880	W3030G02990	YGR060W	ERG25	28033	upstream	W3030G02860		W303_0G02860	461	upstream	False
CAS-55-1	CAS	w303_scaffold_8	142266	C	G	225.417	SNV	upstream_gene_variant	MODIFIER	W3030H00760	W3030H00760,W3030H00770,W3030H00780,W3030H00790,W3030H00800,W3030Htrna17A	W3030H00650	YHR007C	ERG11	24964	downstream	W3030Htrna17A			0	within	False
CAS-55-1	CAS	w303_scaffold_8	142266	C	G	225.417	SNV	upstream_gene_variant	MODIFIER	W3030H00770	W3030H00760,W3030H00770,W3030H00780,W3030H00790,W3030H00800,W3030Htrna17A	W3030H00650	YHR007C	ERG11	24964	downstream	W3030Htrna17A			0	within	False
CAS-55-1	CAS	w303_scaffold_8	142266	C	G	225.417	SNV	downstream_gene_variant	MODIFIER	W3030H00780	W3030H00760,W3030H00770,W3030H00780,W3030H00790,W3030H00800,W3030Htrna17A	W3030H00650	YHR007C	ERG11	24964	downstream	W3030Htrna17A			0	within	False
CAS-55-1	CAS	w303_scaffold_8	142266	C	G	225.417	SNV	downstream_gene_variant	MODIFIER	W3030H00790	W3030H00760,W3030H00770,W3030H00780,W3030H00790,W3030H00800,W3030Htrna17A	W3030H00650	YHR007C	ERG11	24964	downstream	W3030Htrna17A			0	within	False
CAS-55-1	CAS	w303_scaffold_8	142266	C	G	225.417	SNV	downstream_gene_variant	MODIFIER	W3030H00800	W3030H00760,W3030H00770,W3030H00780,W3030H00790,W3030H00800,W3030Htrna17A	W3030H00650	YHR007C	ERG11	24964	downstream	W3030Htrna17A			0	within	False
CAS-55-1	CAS	w303_scaffold_8	142266	C	G	225.417	SNV	intragenic_variant	MODIFIER	W3030Htrna17A	W3030H00760,W3030H00770,W3030H00780,W3030H00790,W3030H00800,W3030Htrna17A	W3030H00650	YHR007C	ERG11	24964	downstream	W3030Htrna17A			0	within	True
CAS-55-1	CAS	w303_scaffold_16	698989	T	TAA	65.7529	INSERTION	upstream_gene_variant	MODIFIER	W3030P03470	W3030P03430,W3030P03440,W3030P03450,W3030P03450-W3030P03460,W3030P03460,W3030P03470,W3030P03480	W3030P03320	YMR202W	ERG2	30473	downstream	W3030P03460		W303_0P03460	131	upstream	False
CAS-55-1	CAS	w303_scaffold_16	698989	T	TAA	65.7529	INSERTION	downstream_gene_variant	MODIFIER	W3030P03430	W3030P03430,W3030P03440,W3030P03450,W3030P03450-W3030P03460,W3030P03460,W3030P03470,W3030P03480	W3030P03320	YMR202W	ERG2	30473	downstream	W3030P03460		W303_0P03460	131	upstream	False
CAS-55-1	CAS	w303_scaffold_16	698989	T	TAA	65.7529	INSERTION	downstream_gene_variant	MODIFIER	W3030P03440	W3030P03430,W3030P03440,W3030P03450,W3030P03450-W3030P03460,W3030P03460,W3030P03470,W3030P03480	W3030P03320	YMR202W	ERG2	30473	downstream	W3030P03460		W303_0P03460	131	upstream	False
CAS-55-1	CAS	w303_scaffold_16	698989	T	TAA	65.7529	INSERTION	downstream_gene_variant	MODIFIER	W3030P03450	W3030P03430,W3030P03440,W3030P03450,W3030P03450-W3030P03460,W3030P03460,W3030P03470,W3030P03480	W3030P03320	YMR202W	ERG2	30473	downstream	W3030P03460		W303_0P03460	131	upstream	False
CAS-55-1	CAS	w303_scaffold_16	698989	T	TAA	65.7529	INSERTION	downstream_gene_variant	MODIFIER	W3030P03460	W3030P03430,W3030P03440,W3030P03450,W3030P03450-W3030P03460,W3030P03460,W3030P03470,W3030P03480	W3030P03320	YMR202W	ERG2	30473	downstream	W3030P03460		W303_0P03460	131	upstream	True
CAS-55-1	CAS	w303_scaffold_16	698989	T	TAA	65.7529	INSERTION	downstream_gene_variant	MODIFIER	W3030P03480	W3030P03430,W3030P03440,W3030P03450,W3030P03450-W3030P03460,W3030P03460,W3030P03470,W3030P03480	W3030P03320	YMR202W	ERG2	30473	downstream	W3030P03460		W303_0P03460	131	upstream	False
CAS-55-1	CAS	w303_scaffold_16	698989	T	TAA	65.7529	INSERTION	intergenic_region	MODIFIER	W3030P03450-W3030P03460	W3030P03430,W3030P03440,W3030P03450,W3030P03450-W3030P03460,W3030P03460,W3030P03470,W3030P03480	W3030P03320	YMR202W	ERG2	30473	downstream	W3030P03460		W303_0P03460	131	upstream	False
CAS-55-1	CAS	w303_scaffold_17	118161	C	T	225.417	SNV	missense_variant	MODERATE	W3030Q00680	W3030Q00660,W3030Q00670,W3030Q00680,W3030Q00690,W3030Q00700	W3030Q00650	YNL280C	ERG24	7196	downstream	W3030Q00680		W303_0Q00680	0	within	True
CAS-55-1	CAS	w303_scaffold_17	118161	C	T	225.417	SNV	upstream_gene_variant	MODIFIER	W3030Q00690	W3030Q00660,W3030Q00670,W3030Q00680,W3030Q00690,W3030Q00700	W3030Q00650	YNL280C	ERG24	7196	downstream	W3030Q00680		W303_0Q00680	0	within	False
CAS-55-1	CAS	w303_scaffold_17	118161	C	T	225.417	SNV	downstream_gene_variant	MODIFIER	W3030Q00660	W3030Q00660,W3030Q00670,W3030Q00680,W3030Q00690,W3030Q00700	W3030Q00650	YNL280C	ERG24	7196	downstream	W3030Q00680		W303_0Q00680	0	within	False
CAS-55-1	CAS	w303_scaffold_17	118161	C	T	225.417	SNV	downstream_gene_variant	MODIFIER	W3030Q00670	W3030Q00660,W3030Q00670,W3030Q00680,W3030Q00690,W3030Q00700	W3030Q00650	YNL280C	ERG24	7196	downstream	W3030Q00680		W303_0Q00680	0	within	False
CAS-55-1	CAS	w303_scaffold_17	118161	C	T	225.417	SNV	downstream_gene_variant	MODIFIER	W3030Q00700	W3030Q00660,W3030Q00670,W3030Q00680,W3030Q00690,W3030Q00700	W3030Q00650	YNL280C	ERG24	7196	downstream	W3030Q00680		W303_0Q00680	0	within	False
CAS-55-1	CAS	w303_scaffold_17	155477	GAA	G	25.3707	DELETION	upstream_gene_variant	MODIFIER	W3030Q00810	W3030Q00800,W3030Q00800-W3030Q00810,W3030Q00810,W3030Q00820,W3030Q00830,W3030Q00840	W3030Q00650	YNL280C	ERG24	44512	downstream	W3030Q00800		W303_0Q00800	43	downstream	False
CAS-55-1	CAS	w303_scaffold_17	155477	GAA	G	25.3707	DELETION	downstream_gene_variant	MODIFIER	W3030Q00800	W3030Q00800,W3030Q00800-W3030Q00810,W3030Q00810,W3030Q00820,W3030Q00830,W3030Q00840	W3030Q00650	YNL280C	ERG24	44512	downstream	W3030Q00800		W303_0Q00800	43	downstream	True
CAS-55-1	CAS	w303_scaffold_17	155477	GAA	G	25.3707	DELETION	downstream_gene_variant	MODIFIER	W3030Q00820	W3030Q00800,W3030Q00800-W3030Q00810,W3030Q00810,W3030Q00820,W3030Q00830,W3030Q00840	W3030Q00650	YNL280C	ERG24	44512	downstream	W3030Q00800		W303_0Q00800	43	downstream	False
CAS-55-1	CAS	w303_scaffold_17	155477	GAA	G	25.3707	DELETION	downstream_gene_variant	MODIFIER	W3030Q00830	W3030Q00800,W3030Q00800-W3030Q00810,W3030Q00810,W3030Q00820,W3030Q00830,W3030Q00840	W3030Q00650	YNL280C	ERG24	44512	downstream	W3030Q00800		W303_0Q00800	43	downstream	False
CAS-55-1	CAS	w303_scaffold_17	155477	GAA	G	25.3707	DELETION	downstream_gene_variant	MODIFIER	W3030Q00840	W3030Q00800,W3030Q00800-W3030Q00810,W3030Q00810,W3030Q00820,W3030Q00830,W3030Q00840	W3030Q00650	YNL280C	ERG24	44512	downstream	W3030Q00800		W303_0Q00800	43	downstream	False
CAS-55-1	CAS	w303_scaffold_17	155477	GAA	G	25.3707	DELETION	intergenic_region	MODIFIER	W3030Q00800-W3030Q00810	W3030Q00800,W3030Q00800-W3030Q00810,W3030Q00810,W3030Q00820,W3030Q00830,W3030Q00840	W3030Q00650	YNL280C	ERG24	44512	downstream	W3030Q00800		W303_0Q00800	43	downstream	False
CAS-55-2	CAS	w303_scaffold_7	579658	TA	T	61.7103	DELETION	upstream_gene_variant	MODIFIER	W3030G02850	W3030G02830,W3030G02840,W3030G02850,W3030G02850-W3030G02860,W3030G02860,W3030G02870,W3030G02880	W3030G02990	YGR060W	ERG25	28033	upstream	W3030G02860		W303_0G02860	461	upstream	False
CAS-55-2	CAS	w303_scaffold_7	579658	TA	T	61.7103	DELETION	upstream_gene_variant	MODIFIER	W3030G02870	W3030G02830,W3030G02840,W3030G02850,W3030G02850-W3030G02860,W3030G02860,W3030G02870,W3030G02880	W3030G02990	YGR060W	ERG25	28033	upstream	W3030G02860		W303_0G02860	461	upstream	False
CAS-55-2	CAS	w303_scaffold_7	579658	TA	T	61.7103	DELETION	downstream_gene_variant	MODIFIER	W3030G02830	W3030G02830,W3030G02840,W3030G02850,W3030G02850-W3030G02860,W3030G02860,W3030G02870,W3030G02880	W3030G02990	YGR060W	ERG25	28033	upstream	W3030G02860		W303_0G02860	461	upstream	False
CAS-55-2	CAS	w303_scaffold_7	579658	TA	T	61.7103	DELETION	downstream_gene_variant	MODIFIER	W3030G02840	W3030G02830,W3030G02840,W3030G02850,W3030G02850-W3030G02860,W3030G02860,W3030G02870,W3030G02880	W3030G02990	YGR060W	ERG25	28033	upstream	W3030G02860		W303_0G02860	461	upstream	False
CAS-55-2	CAS	w303_scaffold_7	579658	TA	T	61.7103	DELETION	downstream_gene_variant	MODIFIER	W3030G02860	W3030G02830,W3030G02840,W3030G02850,W3030G02850-W3030G02860,W3030G02860,W3030G02870,W3030G02880	W3030G02990	YGR060W	ERG25	28033	upstream	W3030G02860		W303_0G02860	461	upstream	True
CAS-55-2	CAS	w303_scaffold_7	579658	TA	T	61.7103	DELETION	downstream_gene_variant	MODIFIER	W3030G02880	W3030G02830,W3030G02840,W3030G02850,W3030G02850-W3030G02860,W3030G02860,W3030G02870,W3030G02880	W3030G02990	YGR060W	ERG25	28033	upstream	W3030G02860		W303_0G02860	461	upstream	False
CAS-55-2	CAS	w303_scaffold_7	579658	TA	T	61.7103	DELETION	intergenic_region	MODIFIER	W3030G02850-W3030G02860	W3030G02830,W3030G02840,W3030G02850,W3030G02850-W3030G02860,W3030G02860,W3030G02870,W3030G02880	W3030G02990	YGR060W	ERG25	28033	upstream	W3030G02860		W303_0G02860	461	upstream	False
CAS-55-2	CAS	w303_scaffold_8	112675	G	GA	129.416	INSERTION	upstream_gene_variant	MODIFIER	W3030H00610	W3030H00610,W3030H00620,W3030H00630,W3030H00640,W3030H00650,W3030Htrna14T-W3030H00640	W3030H00650	YHR007C	ERG11	3034	upstream	W3030H00640		W303_0H00640	758	upstream	False
CAS-55-2	CAS	w303_scaffold_8	112675	G	GA	129.416	INSERTION	upstream_gene_variant	MODIFIER	W3030H00620	W3030H00610,W3030H00620,W3030H00630,W3030H00640,W3030H00650,W3030Htrna14T-W3030H00640	W3030H00650	YHR007C	ERG11	3034	upstream	W3030H00640		W303_0H00640	758	upstream	False
CAS-55-2	CAS	w303_scaffold_8	112675	G	GA	129.416	INSERTION	upstream_gene_variant	MODIFIER	W3030H00630	W3030H00610,W3030H00620,W3030H00630,W3030H00640,W3030H00650,W3030Htrna14T-W3030H00640	W3030H00650	YHR007C	ERG11	3034	upstream	W3030H00640		W303_0H00640	758	upstream	False
CAS-55-2	CAS	w303_scaffold_8	112675	G	GA	129.416	INSERTION	upstream_gene_variant	MODIFIER	W3030H00640	W3030H00610,W3030H00620,W3030H00630,W3030H00640,W3030H00650,W3030Htrna14T-W3030H00640	W3030H00650	YHR007C	ERG11	3034	upstream	W3030H00640		W303_0H00640	758	upstream	True
CAS-55-2	CAS	w303_scaffold_8	112675	G	GA	129.416	INSERTION	downstream_gene_variant	MODIFIER	W3030H00650	W3030H00610,W3030H00620,W3030H00630,W3030H00640,W3030H00650,W3030Htrna14T-W3030H00640	W3030H00650	YHR007C	ERG11	3034	upstream	W3030H00640		W303_0H00640	758	upstream	False
CAS-55-2	CAS	w303_scaffold_8	112675	G	GA	129.416	INSERTION	intergenic_region	MODIFIER	W3030Htrna14T-W3030H00640	W3030H00610,W3030H00620,W3030H00630,W3030H00640,W3030H00650,W3030Htrna14T-W3030H00640	W3030H00650	YHR007C	ERG11	3034	upstream	W3030H00640		W303_0H00640	758	upstream	False
CAS-55-2	CAS	w303_scaffold_8	142266	C	G	225.417	SNV	upstream_gene_variant	MODIFIER	W3030H00760	W3030H00760,W3030H00770,W3030H00780,W3030H00790,W3030H00800,W3030Htrna17A	W3030H00650	YHR007C	ERG11	24964	downstream	W3030Htrna17A			0	within	False
CAS-55-2	CAS	w303_scaffold_8	142266	C	G	225.417	SNV	upstream_gene_variant	MODIFIER	W3030H00770	W3030H00760,W3030H00770,W3030H00780,W3030H00790,W3030H00800,W3030Htrna17A	W3030H00650	YHR007C	ERG11	24964	downstream	W3030Htrna17A			0	within	False
CAS-55-2	CAS	w303_scaffold_8	142266	C	G	225.417	SNV	downstream_gene_variant	MODIFIER	W3030H00780	W3030H00760,W3030H00770,W3030H00780,W3030H00790,W3030H00800,W3030Htrna17A	W3030H00650	YHR007C	ERG11	24964	downstream	W3030Htrna17A			0	within	False
CAS-55-2	CAS	w303_scaffold_8	142266	C	G	225.417	SNV	downstream_gene_variant	MODIFIER	W3030H00790	W3030H00760,W3030H00770,W3030H00780,W3030H00790,W3030H00800,W3030Htrna17A	W3030H00650	YHR007C	ERG11	24964	downstream	W3030Htrna17A			0	within	False
CAS-55-2	CAS	w303_scaffold_8	142266	C	G	225.417	SNV	downstream_gene_variant	MODIFIER	W3030H00800	W3030H00760,W3030H00770,W3030H00780,W3030H00790,W3030H00800,W3030Htrna17A	W3030H00650	YHR007C	ERG11	24964	downstream	W3030Htrna17A			0	within	False
CAS-55-2	CAS	w303_scaffold_8	142266	C	G	225.417	SNV	intragenic_variant	MODIFIER	W3030Htrna17A	W3030H00760,W3030H00770,W3030H00780,W3030H00790,W3030H00800,W3030Htrna17A	W3030H00650	YHR007C	ERG11	24964	downstream	W3030Htrna17A			0	within	True
CAS-55-2	CAS	w303_scaffold_8	237175	GAA	G	89.0338	DELETION	upstream_gene_variant	MODIFIER	W3030H01340	W3030H01340,W3030H01350,W3030H01360,W3030H01360-W3030H01370,W3030H01370,W3030H01380,W3030H01390,W3030H01400	W3030H01430	YHR072W	ERG7	9952	upstream	W3030H01360		W303_0H01360	36	downstream	False
CAS-55-2	CAS	w303_scaffold_8	237175	GAA	G	89.0338	DELETION	upstream_gene_variant	MODIFIER	W3030H01350	W3030H01340,W3030H01350,W3030H01360,W3030H01360-W3030H01370,W3030H01370,W3030H01380,W3030H01390,W3030H01400	W3030H01430	YHR072W	ERG7	9952	upstream	W3030H01360		W303_0H01360	36	downstream	False
CAS-55-2	CAS	w303_scaffold_8	237175	GAA	G	89.0338	DELETION	upstream_gene_variant	MODIFIER	W3030H01360	W3030H01340,W3030H01350,W3030H01360,W3030H01360-W3030H01370,W3030H01370,W3030H01380,W3030H01390,W3030H01400	W3030H01430	YHR072W	ERG7	9952	upstream	W3030H01360		W303_0H01360	36	downstream	True
CAS-55-2	CAS	w303_scaffold_8	237175	GAA	G	89.0338	DELETION	upstream_gene_variant	MODIFIER	W3030H01370	W3030H01340,W3030H01350,W3030H01360,W3030H01360-W3030H01370,W3030H01370,W3030H01380,W3030H01390,W3030H01400	W3030H01430	YHR072W	ERG7	9952	upstream	W3030H01360		W303_0H01360	36	downstream	False
CAS-55-2	CAS	w303_scaffold_8	237175	GAA	G	89.0338	DELETION	upstream_gene_variant	MODIFIER	W3030H01380	W3030H01340,W3030H01350,W3030H01360,W3030H01360-W3030H01370,W3030H01370,W3030H01380,W3030H01390,W3030H01400	W3030H01430	YHR072W	ERG7	9952	upstream	W3030H01360		W303_0H01360	36	downstream	False
CAS-55-2	CAS	w303_scaffold_8	237175	GAA	G	89.0338	DELETION	upstream_gene_variant	MODIFIER	W3030H01390	W3030H01340,W3030H01350,W3030H01360,W3030H01360-W3030H01370,W3030H01370,W3030H01380,W3030H01390,W3030H01400	W3030H01430	YHR072W	ERG7	9952	upstream	W3030H01360		W303_0H01360	36	downstream	False
CAS-55-2	CAS	w303_scaffold_8	237175	GAA	G	89.0338	DELETION	downstream_gene_variant	MODIFIER	W3030H01400	W3030H01340,W3030H01350,W3030H01360,W3030H01360-W3030H01370,W3030H01370,W3030H01380,W3030H01390,W3030H01400	W3030H01430	YHR072W	ERG7	9952	upstream	W3030H01360		W303_0H01360	36	downstream	False
CAS-55-2	CAS	w303_scaffold_8	237175	GAA	G	89.0338	DELETION	intergenic_region	MODIFIER	W3030H01360-W3030H01370	W3030H01340,W3030H01350,W3030H01360,W3030H01360-W3030H01370,W3030H01370,W3030H01380,W3030H01390,W3030H01400	W3030H01430	YHR072W	ERG7	9952	upstream	W3030H01360		W303_0H01360	36	downstream	False
CAS-55-2	CAS	w303_scaffold_17	118161	C	T	225.417	SNV	missense_variant	MODERATE	W3030Q00680	W3030Q00660,W3030Q00670,W3030Q00680,W3030Q00690,W3030Q00700	W3030Q00650	YNL280C	ERG24	7196	downstream	W3030Q00680		W303_0Q00680	0	within	True
CAS-55-2	CAS	w303_scaffold_17	118161	C	T	225.417	SNV	upstream_gene_variant	MODIFIER	W3030Q00690	W3030Q00660,W3030Q00670,W3030Q00680,W3030Q00690,W3030Q00700	W3030Q00650	YNL280C	ERG24	7196	downstream	W3030Q00680		W303_0Q00680	0	within	False
CAS-55-2	CAS	w303_scaffold_17	118161	C	T	225.417	SNV	downstream_gene_variant	MODIFIER	W3030Q00660	W3030Q00660,W3030Q00670,W3030Q00680,W3030Q00690,W3030Q00700	W3030Q00650	YNL280C	ERG24	7196	downstream	W3030Q00680		W303_0Q00680	0	within	False
CAS-55-2	CAS	w303_scaffold_17	118161	C	T	225.417	SNV	downstream_gene_variant	MODIFIER	W3030Q00670	W3030Q00660,W3030Q00670,W3030Q00680,W3030Q00690,W3030Q00700	W3030Q00650	YNL280C	ERG24	7196	downstream	W3030Q00680		W303_0Q00680	0	within	False
CAS-55-2	CAS	w303_scaffold_17	118161	C	T	225.417	SNV	downstream_gene_variant	MODIFIER	W3030Q00700	W3030Q00660,W3030Q00670,W3030Q00680,W3030Q00690,W3030Q00700	W3030Q00650	YNL280C	ERG24	7196	downstream	W3030Q00680		W303_0Q00680	0	within	False
CAS-55-3	CAS	w303_scaffold_7	579658	TA	T	42.6032	DELETION	upstream_gene_variant	MODIFIER	W3030G02850	W3030G02830,W3030G02840,W3030G02850,W3030G02850-W3030G02860,W3030G02860,W3030G02870,W3030G02880	W3030G02990	YGR060W	ERG25	28033	upstream	W3030G02860		W303_0G02860	461	upstream	False
CAS-55-3	CAS	w303_scaffold_7	579658	TA	T	42.6032	DELETION	upstream_gene_variant	MODIFIER	W3030G02870	W3030G02830,W3030G02840,W3030G02850,W3030G02850-W3030G02860,W3030G02860,W3030G02870,W3030G02880	W3030G02990	YGR060W	ERG25	28033	upstream	W3030G02860		W303_0G02860	461	upstream	False
CAS-55-3	CAS	w303_scaffold_7	579658	TA	T	42.6032	DELETION	downstream_gene_variant	MODIFIER	W3030G02830	W3030G02830,W3030G02840,W3030G02850,W3030G02850-W3030G02860,W3030G02860,W3030G02870,W3030G02880	W3030G02990	YGR060W	ERG25	28033	upstream	W3030G02860		W303_0G02860	461	upstream	False
CAS-55-3	CAS	w303_scaffold_7	579658	TA	T	42.6032	DELETION	downstream_gene_variant	MODIFIER	W3030G02840	W3030G02830,W3030G02840,W3030G02850,W3030G02850-W3030G02860,W3030G02860,W3030G02870,W3030G02880	W3030G02990	YGR060W	ERG25	28033	upstream	W3030G02860		W303_0G02860	461	upstream	False
CAS-55-3	CAS	w303_scaffold_7	579658	TA	T	42.6032	DELETION	downstream_gene_variant	MODIFIER	W3030G02860	W3030G02830,W3030G02840,W3030G02850,W3030G02850-W3030G02860,W3030G02860,W3030G02870,W3030G02880	W3030G02990	YGR060W	ERG25	28033	upstream	W3030G02860		W303_0G02860	461	upstream	True
CAS-55-3	CAS	w303_scaffold_7	579658	TA	T	42.6032	DELETION	downstream_gene_variant	MODIFIER	W3030G02880	W3030G02830,W3030G02840,W3030G02850,W3030G02850-W3030G02860,W3030G02860,W3030G02870,W3030G02880	W3030G02990	YGR060W	ERG25	28033	upstream	W3030G02860		W303_0G02860	461	upstream	False
CAS-55-3	CAS	w303_scaffold_7	579658	TA	T	42.6032	DELETION	intergenic_region	MODIFIER	W3030G02850-W3030G02860	W3030G02830,W3030G02840,W3030G02850,W3030G02850-W3030G02860,W3030G02860,W3030G02870,W3030G02880	W3030G02990	YGR060W	ERG25	28033	upstream	W3030G02860		W303_0G02860	461	upstream	False
CAS-55-3	CAS	w303_scaffold_8	107027	CT	C	59.3398	DELETION	upstream_gene_variant	MODIFIER	W3030H00590	W3030H00560,W3030H00570,W3030H00580,W3030H00590,W3030H00600,W3030H00600-W3030H00610,W3030H00610,W3030H00620,W3030H00630	W3030H00650	YHR007C	ERG11	8682	upstream	W3030H00600		W303_0H00600	474	downstream	False
CAS-55-3	CAS	w303_scaffold_8	107027	CT	C	59.3398	DELETION	upstream_gene_variant	MODIFIER	W3030H00600	W3030H00560,W3030H00570,W3030H00580,W3030H00590,W3030H00600,W3030H00600-W3030H00610,W3030H00610,W3030H00620,W3030H00630	W3030H00650	YHR007C	ERG11	8682	upstream	W3030H00600		W303_0H00600	474	downstream	True
CAS-55-3	CAS	w303_scaffold_8	107027	CT	C	59.3398	DELETION	downstream_gene_variant	MODIFIER	W3030H00560	W3030H00560,W3030H00570,W3030H00580,W3030H00590,W3030H00600,W3030H00600-W3030H00610,W3030H00610,W3030H00620,W3030H00630	W3030H00650	YHR007C	ERG11	8682	upstream	W3030H00600		W303_0H00600	474	downstream	False
CAS-55-3	CAS	w303_scaffold_8	107027	CT	C	59.3398	DELETION	downstream_gene_variant	MODIFIER	W3030H00570	W3030H00560,W3030H00570,W3030H00580,W3030H00590,W3030H00600,W3030H00600-W3030H00610,W3030H00610,W3030H00620,W3030H00630	W3030H00650	YHR007C	ERG11	8682	upstream	W3030H00600		W303_0H00600	474	downstream	False
CAS-55-3	CAS	w303_scaffold_8	107027	CT	C	59.3398	DELETION	downstream_gene_variant	MODIFIER	W3030H00580	W3030H00560,W3030H00570,W3030H00580,W3030H00590,W3030H00600,W3030H00600-W3030H00610,W3030H00610,W3030H00620,W3030H00630	W3030H00650	YHR007C	ERG11	8682	upstream	W3030H00600		W303_0H00600	474	downstream	False
CAS-55-3	CAS	w303_scaffold_8	107027	CT	C	59.3398	DELETION	downstream_gene_variant	MODIFIER	W3030H00610	W3030H00560,W3030H00570,W3030H00580,W3030H00590,W3030H00600,W3030H00600-W3030H00610,W3030H00610,W3030H00620,W3030H00630	W3030H00650	YHR007C	ERG11	8682	upstream	W3030H00600		W303_0H00600	474	downstream	False
CAS-55-3	CAS	w303_scaffold_8	107027	CT	C	59.3398	DELETION	downstream_gene_variant	MODIFIER	W3030H00620	W3030H00560,W3030H00570,W3030H00580,W3030H00590,W3030H00600,W3030H00600-W3030H00610,W3030H00610,W3030H00620,W3030H00630	W3030H00650	YHR007C	ERG11	8682	upstream	W3030H00600		W303_0H00600	474	downstream	False
CAS-55-3	CAS	w303_scaffold_8	107027	CT	C	59.3398	DELETION	downstream_gene_variant	MODIFIER	W3030H00630	W3030H00560,W3030H00570,W3030H00580,W3030H00590,W3030H00600,W3030H00600-W3030H00610,W3030H00610,W3030H00620,W3030H00630	W3030H00650	YHR007C	ERG11	8682	upstream	W3030H00600		W303_0H00600	474	downstream	False
CAS-55-3	CAS	w303_scaffold_8	107027	CT	C	59.3398	DELETION	intergenic_region	MODIFIER	W3030H00600-W3030H00610	W3030H00560,W3030H00570,W3030H00580,W3030H00590,W3030H00600,W3030H00600-W3030H00610,W3030H00610,W3030H00620,W3030H00630	W3030H00650	YHR007C	ERG11	8682	upstream	W3030H00600		W303_0H00600	474	downstream	False
CAS-55-3	CAS	w303_scaffold_8	142266	C	G	225.417	SNV	upstream_gene_variant	MODIFIER	W3030H00760	W3030H00760,W3030H00770,W3030H00780,W3030H00790,W3030H00800,W3030Htrna17A	W3030H00650	YHR007C	ERG11	24964	downstream	W3030Htrna17A			0	within	False
CAS-55-3	CAS	w303_scaffold_8	142266	C	G	225.417	SNV	upstream_gene_variant	MODIFIER	W3030H00770	W3030H00760,W3030H00770,W3030H00780,W3030H00790,W3030H00800,W3030Htrna17A	W3030H00650	YHR007C	ERG11	24964	downstream	W3030Htrna17A			0	within	False
CAS-55-3	CAS	w303_scaffold_8	142266	C	G	225.417	SNV	downstream_gene_variant	MODIFIER	W3030H00780	W3030H00760,W3030H00770,W3030H00780,W3030H00790,W3030H00800,W3030Htrna17A	W3030H00650	YHR007C	ERG11	24964	downstream	W3030Htrna17A			0	within	False
CAS-55-3	CAS	w303_scaffold_8	142266	C	G	225.417	SNV	downstream_gene_variant	MODIFIER	W3030H00790	W3030H00760,W3030H00770,W3030H00780,W3030H00790,W3030H00800,W3030Htrna17A	W3030H00650	YHR007C	ERG11	24964	downstream	W3030Htrna17A			0	within	False
CAS-55-3	CAS	w303_scaffold_8	142266	C	G	225.417	SNV	downstream_gene_variant	MODIFIER	W3030H00800	W3030H00760,W3030H00770,W3030H00780,W3030H00790,W3030H00800,W3030Htrna17A	W3030H00650	YHR007C	ERG11	24964	downstream	W3030Htrna17A			0	within	False
CAS-55-3	CAS	w303_scaffold_8	142266	C	G	225.417	SNV	intragenic_variant	MODIFIER	W3030Htrna17A	W3030H00760,W3030H00770,W3030H00780,W3030H00790,W3030H00800,W3030Htrna17A	W3030H00650	YHR007C	ERG11	24964	downstream	W3030Htrna17A			0	within	True
CAS-55-3	CAS	w303_scaffold_8	473874	C	CTA	140.928	INSERTION	upstream_gene_variant	MODIFIER	W3030H02520	W3030H02490,W3030H02500,W3030H02510,W3030H02510-W3030Htrna15T,W3030H02520,W3030H02530	W3030H02610	YHR190W	ERG9	19038	upstream	W3030H02510		W303_0H02510	133	downstream	False
CAS-55-3	CAS	w303_scaffold_8	473874	C	CTA	140.928	INSERTION	upstream_gene_variant	MODIFIER	W3030H02530	W3030H02490,W3030H02500,W3030H02510,W3030H02510-W3030Htrna15T,W3030H02520,W3030H02530	W3030H02610	YHR190W	ERG9	19038	upstream	W3030H02510		W303_0H02510	133	downstream	False
CAS-55-3	CAS	w303_scaffold_8	473874	C	CTA	140.928	INSERTION	downstream_gene_variant	MODIFIER	W3030H02490	W3030H02490,W3030H02500,W3030H02510,W3030H02510-W3030Htrna15T,W3030H02520,W3030H02530	W3030H02610	YHR190W	ERG9	19038	upstream	W3030H02510		W303_0H02510	133	downstream	False
CAS-55-3	CAS	w303_scaffold_8	473874	C	CTA	140.928	INSERTION	downstream_gene_variant	MODIFIER	W3030H02500	W3030H02490,W3030H02500,W3030H02510,W3030H02510-W3030Htrna15T,W3030H02520,W3030H02530	W3030H02610	YHR190W	ERG9	19038	upstream	W3030H02510		W303_0H02510	133	downstream	False
CAS-55-3	CAS	w303_scaffold_8	473874	C	CTA	140.928	INSERTION	downstream_gene_variant	MODIFIER	W3030H02510	W3030H02490,W3030H02500,W3030H02510,W3030H02510-W3030Htrna15T,W3030H02520,W3030H02530	W3030H02610	YHR190W	ERG9	19038	upstream	W3030H02510		W303_0H02510	133	downstream	True
CAS-55-3	CAS	w303_scaffold_8	473874	C	CTA	140.928	INSERTION	intergenic_region	MODIFIER	W3030H02510-W3030Htrna15T	W3030H02490,W3030H02500,W3030H02510,W3030H02510-W3030Htrna15T,W3030H02520,W3030H02530	W3030H02610	YHR190W	ERG9	19038	upstream	W3030H02510		W303_0H02510	133	downstream	False
CAS-55-3	CAS	w303_scaffold_17	118161	C	T	225.417	SNV	missense_variant	MODERATE	W3030Q00680	W3030Q00660,W3030Q00670,W3030Q00680,W3030Q00690,W3030Q00700	W3030Q00650	YNL280C	ERG24	7196	downstream	W3030Q00680		W303_0Q00680	0	within	True
CAS-55-3	CAS	w303_scaffold_17	118161	C	T	225.417	SNV	upstream_gene_variant	MODIFIER	W3030Q00690	W3030Q00660,W3030Q00670,W3030Q00680,W3030Q00690,W3030Q00700	W3030Q00650	YNL280C	ERG24	7196	downstream	W3030Q00680		W303_0Q00680	0	within	False
CAS-55-3	CAS	w303_scaffold_17	118161	C	T	225.417	SNV	downstream_gene_variant	MODIFIER	W3030Q00660	W3030Q00660,W3030Q00670,W3030Q00680,W3030Q00690,W3030Q00700	W3030Q00650	YNL280C	ERG24	7196	downstream	W3030Q00680		W303_0Q00680	0	within	False
CAS-55-3	CAS	w303_scaffold_17	118161	C	T	225.417	SNV	downstream_gene_variant	MODIFIER	W3030Q00670	W3030Q00660,W3030Q00670,W3030Q00680,W3030Q00690,W3030Q00700	W3030Q00650	YNL280C	ERG24	7196	downstream	W3030Q00680		W303_0Q00680	0	within	False
CAS-55-3	CAS	w303_scaffold_17	118161	C	T	225.417	SNV	downstream_gene_variant	MODIFIER	W3030Q00700	W3030Q00660,W3030Q00670,W3030Q00680,W3030Q00690,W3030Q00700	W3030Q00650	YNL280C	ERG24	7196	downstream	W3030Q00680		W303_0Q00680	0	within	False
STC-55-1	STC	w303_scaffold_7	887578	C	G	225.417	SNV	missense_variant	MODERATE	W3030G04250	W3030G04230,W3030G04240,W3030G04250,W3030G04260,W3030G04270	W3030G04090	YGR175C	ERG1	39592	downstream	W3030G04250		W303_0G04250	0	within	True
STC-55-1	STC	w303_scaffold_7	887578	C	G	225.417	SNV	upstream_gene_variant	MODIFIER	W3030G04230	W3030G04230,W3030G04240,W3030G04250,W3030G04260,W3030G04270	W3030G04090	YGR175C	ERG1	39592	downstream	W3030G04250		W303_0G04250	0	within	False
STC-55-1	STC	w303_scaffold_7	887578	C	G	225.417	SNV	upstream_gene_variant	MODIFIER	W3030G04240	W3030G04230,W3030G04240,W3030G04250,W3030G04260,W3030G04270	W3030G04090	YGR175C	ERG1	39592	downstream	W3030G04250		W303_0G04250	0	within	False
STC-55-1	STC	w303_scaffold_7	887578	C	G	225.417	SNV	upstream_gene_variant	MODIFIER	W3030G04260	W3030G04230,W3030G04240,W3030G04250,W3030G04260,W3030G04270	W3030G04090	YGR175C	ERG1	39592	downstream	W3030G04250		W303_0G04250	0	within	False
STC-55-1	STC	w303_scaffold_7	887578	C	G	225.417	SNV	downstream_gene_variant	MODIFIER	W3030G04270	W3030G04230,W3030G04240,W3030G04250,W3030G04260,W3030G04270	W3030G04090	YGR175C	ERG1	39592	downstream	W3030G04250		W303_0G04250	0	within	False
STC-55-1	STC	w303_scaffold_8	473874	C	CTA	77.7203	INSERTION	upstream_gene_variant	MODIFIER	W3030H02520	W3030H02490,W3030H02500,W3030H02510,W3030H02510-W3030Htrna15T,W3030H02520,W3030H02530	W3030H02610	YHR190W	ERG9	19038	upstream	W3030H02510		W303_0H02510	133	downstream	False
STC-55-1	STC	w303_scaffold_8	473874	C	CTA	77.7203	INSERTION	upstream_gene_variant	MODIFIER	W3030H02530	W3030H02490,W3030H02500,W3030H02510,W3030H02510-W3030Htrna15T,W3030H02520,W3030H02530	W3030H02610	YHR190W	ERG9	19038	upstream	W3030H02510		W303_0H02510	133	downstream	False
STC-55-1	STC	w303_scaffold_8	473874	C	CTA	77.7203	INSERTION	downstream_gene_variant	MODIFIER	W3030H02490	W3030H02490,W3030H02500,W3030H02510,W3030H02510-W3030Htrna15T,W3030H02520,W3030H02530	W3030H02610	YHR190W	ERG9	19038	upstream	W3030H02510		W303_0H02510	133	downstream	False
STC-55-1	STC	w303_scaffold_8	473874	C	CTA	77.7203	INSERTION	downstream_gene_variant	MODIFIER	W3030H02500	W3030H02490,W3030H02500,W3030H02510,W3030H02510-W3030Htrna15T,W3030H02520,W3030H02530	W3030H02610	YHR190W	ERG9	19038	upstream	W3030H02510		W303_0H02510	133	downstream	False
STC-55-1	STC	w303_scaffold_8	473874	C	CTA	77.7203	INSERTION	downstream_gene_variant	MODIFIER	W3030H02510	W3030H02490,W3030H02500,W3030H02510,W3030H02510-W3030Htrna15T,W3030H02520,W3030H02530	W3030H02610	YHR190W	ERG9	19038	upstream	W3030H02510		W303_0H02510	133	downstream	True
STC-55-1	STC	w303_scaffold_8	473874	C	CTA	77.7203	INSERTION	intergenic_region	MODIFIER	W3030H02510-W3030Htrna15T	W3030H02490,W3030H02500,W3030H02510,W3030H02510-W3030Htrna15T,W3030H02520,W3030H02530	W3030H02610	YHR190W	ERG9	19038	upstream	W3030H02510		W303_0H02510	133	downstream	False
STC-55-2	STC	w303_scaffold_7	855989	C	CA	43.8855	INSERTION	upstream_gene_variant	MODIFIER	W3030G04110	W3030G04110,W3030G04120,W3030G04130,W3030G04130-W3030Gtrna22L,W3030G04140,W3030G04150,W3030G04160	W3030G04090	YGR175C	ERG1	8003	downstream	W3030G04130		W303_0G04130	128	downstream	False
STC-55-2	STC	w303_scaffold_7	855989	C	CA	43.8855	INSERTION	upstream_gene_variant	MODIFIER	W3030G04120	W3030G04110,W3030G04120,W3030G04130,W3030G04130-W3030Gtrna22L,W3030G04140,W3030G04150,W3030G04160	W3030G04090	YGR175C	ERG1	8003	downstream	W3030G04130		W303_0G04130	128	downstream	False
STC-55-2	STC	w303_scaffold_7	855989	C	CA	43.8855	INSERTION	upstream_gene_variant	MODIFIER	W3030G04130	W3030G04110,W3030G04120,W3030G04130,W3030G04130-W3030Gtrna22L,W3030G04140,W3030G04150,W3030G04160	W3030G04090	YGR175C	ERG1	8003	downstream	W3030G04130		W303_0G04130	128	downstream	True
STC-55-2	STC	w303_scaffold_7	855989	C	CA	43.8855	INSERTION	upstream_gene_variant	MODIFIER	W3030G04140	W3030G04110,W3030G04120,W3030G04130,W3030G04130-W3030Gtrna22L,W3030G04140,W3030G04150,W3030G04160	W3030G04090	YGR175C	ERG1	8003	downstream	W3030G04130		W303_0G04130	128	downstream	False
STC-55-2	STC	w303_scaffold_7	855989	C	CA	43.8855	INSERTION	downstream_gene_variant	MODIFIER	W3030G04150	W3030G04110,W3030G04120,W3030G04130,W3030G04130-W3030Gtrna22L,W3030G04140,W3030G04150,W3030G04160	W3030G04090	YGR175C	ERG1	8003	downstream	W3030G04130		W303_0G04130	128	downstream	False
STC-55-2	STC	w303_scaffold_7	855989	C	CA	43.8855	INSERTION	downstream_gene_variant	MODIFIER	W3030G04160	W3030G04110,W3030G04120,W3030G04130,W3030G04130-W3030Gtrna22L,W3030G04140,W3030G04150,W3030G04160	W3030G04090	YGR175C	ERG1	8003	downstream	W3030G04130		W303_0G04130	128	downstream	False
STC-55-2	STC	w303_scaffold_7	855989	C	CA	43.8855	INSERTION	intergenic_region	MODIFIER	W3030G04130-W3030Gtrna22L	W3030G04110,W3030G04120,W3030G04130,W3030G04130-W3030Gtrna22L,W3030G04140,W3030G04150,W3030G04160	W3030G04090	YGR175C	ERG1	8003	downstream	W3030G04130		W303_0G04130	128	downstream	False
STC-55-2	STC	w303_scaffold_8	107027	CT	C	28.1995	DELETION	upstream_gene_variant	MODIFIER	W3030H00590	W3030H00560,W3030H00570,W3030H00580,W3030H00590,W3030H00600,W3030H00600-W3030H00610,W3030H00610,W3030H00620,W3030H00630	W3030H00650	YHR007C	ERG11	8682	upstream	W3030H00600		W303_0H00600	474	downstream	False
STC-55-2	STC	w303_scaffold_8	107027	CT	C	28.1995	DELETION	upstream_gene_variant	MODIFIER	W3030H00600	W3030H00560,W3030H00570,W3030H00580,W3030H00590,W3030H00600,W3030H00600-W3030H00610,W3030H00610,W3030H00620,W3030H00630	W3030H00650	YHR007C	ERG11	8682	upstream	W3030H00600		W303_0H00600	474	downstream	True
STC-55-2	STC	w303_scaffold_8	107027	CT	C	28.1995	DELETION	downstream_gene_variant	MODIFIER	W3030H00560	W3030H00560,W3030H00570,W3030H00580,W3030H00590,W3030H00600,W3030H00600-W3030H00610,W3030H00610,W3030H00620,W3030H00630	W3030H00650	YHR007C	ERG11	8682	upstream	W3030H00600		W303_0H00600	474	downstream	False
STC-55-2	STC	w303_scaffold_8	107027	CT	C	28.1995	DELETION	downstream_gene_variant	MODIFIER	W3030H00570	W3030H00560,W3030H00570,W3030H00580,W3030H00590,W3030H00600,W3030H00600-W3030H00610,W3030H00610,W3030H00620,W3030H00630	W3030H00650	YHR007C	ERG11	8682	upstream	W3030H00600		W303_0H00600	474	downstream	False
STC-55-2	STC	w303_scaffold_8	107027	CT	C	28.1995	DELETION	downstream_gene_variant	MODIFIER	W3030H00580	W3030H00560,W3030H00570,W3030H00580,W3030H00590,W3030H00600,W3030H00600-W3030H00610,W3030H00610,W3030H00620,W3030H00630	W3030H00650	YHR007C	ERG11	8682	upstream	W3030H00600		W303_0H00600	474	downstream	False
STC-55-2	STC	w303_scaffold_8	107027	CT	C	28.1995	DELETION	downstream_gene_variant	MODIFIER	W3030H00610	W3030H00560,W3030H00570,W3030H00580,W3030H00590,W3030H00600,W3030H00600-W3030H00610,W3030H00610,W3030H00620,W3030H00630	W3030H00650	YHR007C	ERG11	8682	upstream	W3030H00600		W303_0H00600	474	downstream	False
STC-55-2	STC	w303_scaffold_8	107027	CT	C	28.1995	DELETION	downstream_gene_variant	MODIFIER	W3030H00620	W3030H00560,W3030H00570,W3030H00580,W3030H00590,W3030H00600,W3030H00600-W3030H00610,W3030H00610,W3030H00620,W3030H00630	W3030H00650	YHR007C	ERG11	8682	upstream	W3030H00600		W303_0H00600	474	downstream	False
STC-55-2	STC	w303_scaffold_8	107027	CT	C	28.1995	DELETION	downstream_gene_variant	MODIFIER	W3030H00630	W3030H00560,W3030H00570,W3030H00580,W3030H00590,W3030H00600,W3030H00600-W3030H00610,W3030H00610,W3030H00620,W3030H00630	W3030H00650	YHR007C	ERG11	8682	upstream	W3030H00600		W303_0H00600	474	downstream	False
STC-55-2	STC	w303_scaffold_8	107027	CT	C	28.1995	DELETION	intergenic_region	MODIFIER	W3030H00600-W3030H00610	W3030H00560,W3030H00570,W3030H00580,W3030H00590,W3030H00600,W3030H00600-W3030H00610,W3030H00610,W3030H00620,W3030H00630	W3030H00650	YHR007C	ERG11	8682	upstream	W3030H00600		W303_0H00600	474	downstream	False
STC-55-2	STC	w303_scaffold_16	696084	C	T	225.417	SNV	synonymous_variant	LOW	W3030P03440	W3030P03420,W3030P03430,W3030P03440,W3030P03450,W3030P03460	W3030P03320	YMR202W	ERG2	27568	downstream	W3030P03440		W303_0P03440	0	within	True
STC-55-2	STC	w303_scaffold_16	696084	C	T	225.417	SNV	upstream_gene_variant	MODIFIER	W3030P03420	W3030P03420,W3030P03430,W3030P03440,W3030P03450,W3030P03460	W3030P03320	YMR202W	ERG2	27568	downstream	W3030P03440		W303_0P03440	0	within	False
STC-55-2	STC	w303_scaffold_16	696084	C	T	225.417	SNV	upstream_gene_variant	MODIFIER	W3030P03450	W3030P03420,W3030P03430,W3030P03440,W3030P03450,W3030P03460	W3030P03320	YMR202W	ERG2	27568	downstream	W3030P03440		W303_0P03440	0	within	False
STC-55-2	STC	w303_scaffold_16	696084	C	T	225.417	SNV	downstream_gene_variant	MODIFIER	W3030P03430	W3030P03420,W3030P03430,W3030P03440,W3030P03450,W3030P03460	W3030P03320	YMR202W	ERG2	27568	downstream	W3030P03440		W303_0P03440	0	within	False
STC-55-2	STC	w303_scaffold_16	696084	C	T	225.417	SNV	downstream_gene_variant	MODIFIER	W3030P03460	W3030P03420,W3030P03430,W3030P03440,W3030P03450,W3030P03460	W3030P03320	YMR202W	ERG2	27568	downstream	W3030P03440		W303_0P03440	0	within	False
STC-55-3	STC	w303_scaffold_7	571818	T	C	225.417	SNV	upstream_gene_variant	MODIFIER	W3030G02810	W3030G02810,W3030G02810-W3030G02820,W3030G02820,W3030G02830,W3030G02840	W3030G02990	YGR060W	ERG25	35873	upstream	W3030G02820		W303_0G02820	708	upstream	False
STC-55-3	STC	w303_scaffold_7	571818	T	C	225.417	SNV	upstream_gene_variant	MODIFIER	W3030G02820	W3030G02810,W3030G02810-W3030G02820,W3030G02820,W3030G02830,W3030G02840	W3030G02990	YGR060W	ERG25	35873	upstream	W3030G02820		W303_0G02820	708	upstream	True
STC-55-3	STC	w303_scaffold_7	571818	T	C	225.417	SNV	upstream_gene_variant	MODIFIER	W3030G02830	W3030G02810,W3030G02810-W3030G02820,W3030G02820,W3030G02830,W3030G02840	W3030G02990	YGR060W	ERG25	35873	upstream	W3030G02820		W303_0G02820	708	upstream	False
STC-55-3	STC	w303_scaffold_7	571818	T	C	225.417	SNV	upstream_gene_variant	MODIFIER	W3030G02840	W3030G02810,W3030G02810-W3030G02820,W3030G02820,W3030G02830,W3030G02840	W3030G02990	YGR060W	ERG25	35873	upstream	W3030G02820		W303_0G02820	708	upstream	False
STC-55-3	STC	w303_scaffold_7	571818	T	C	225.417	SNV	intergenic_region	MODIFIER	W3030G02810-W3030G02820	W3030G02810,W3030G02810-W3030G02820,W3030G02820,W3030G02830,W3030G02840	W3030G02990	YGR060W	ERG25	35873	upstream	W3030G02820		W303_0G02820	708	upstream	False
STC-55-3	STC	w303_scaffold_7	855989	C	CA	82.0872	INSERTION	upstream_gene_variant	MODIFIER	W3030G04110	W3030G04110,W3030G04120,W3030G04130,W3030G04130-W3030Gtrna22L,W3030G04140,W3030G04150,W3030G04160	W3030G04090	YGR175C	ERG1	8003	downstream	W3030G04130		W303_0G04130	128	downstream	False
STC-55-3	STC	w303_scaffold_7	855989	C	CA	82.0872	INSERTION	upstream_gene_variant	MODIFIER	W3030G04120	W3030G04110,W3030G04120,W3030G04130,W3030G04130-W3030Gtrna22L,W3030G04140,W3030G04150,W3030G04160	W3030G04090	YGR175C	ERG1	8003	downstream	W3030G04130		W303_0G04130	128	downstream	False
STC-55-3	STC	w303_scaffold_7	855989	C	CA	82.0872	INSERTION	upstream_gene_variant	MODIFIER	W3030G04130	W3030G04110,W3030G04120,W3030G04130,W3030G04130-W3030Gtrna22L,W3030G04140,W3030G04150,W3030G04160	W3030G04090	YGR175C	ERG1	8003	downstream	W3030G04130		W303_0G04130	128	downstream	True
STC-55-3	STC	w303_scaffold_7	855989	C	CA	82.0872	INSERTION	upstream_gene_variant	MODIFIER	W3030G04140	W3030G04110,W3030G04120,W3030G04130,W3030G04130-W3030Gtrna22L,W3030G04140,W3030G04150,W3030G04160	W3030G04090	YGR175C	ERG1	8003	downstream	W3030G04130		W303_0G04130	128	downstream	False
STC-55-3	STC	w303_scaffold_7	855989	C	CA	82.0872	INSERTION	downstream_gene_variant	MODIFIER	W3030G04150	W3030G04110,W3030G04120,W3030G04130,W3030G04130-W3030Gtrna22L,W3030G04140,W3030G04150,W3030G04160	W3030G04090	YGR175C	ERG1	8003	downstream	W3030G04130		W303_0G04130	128	downstream	False
STC-55-3	STC	w303_scaffold_7	855989	C	CA	82.0872	INSERTION	downstream_gene_variant	MODIFIER	W3030G04160	W3030G04110,W3030G04120,W3030G04130,W3030G04130-W3030Gtrna22L,W3030G04140,W3030G04150,W3030G04160	W3030G04090	YGR175C	ERG1	8003	downstream	W3030G04130		W303_0G04130	128	downstream	False
STC-55-3	STC	w303_scaffold_7	855989	C	CA	82.0872	INSERTION	intergenic_region	MODIFIER	W3030G04130-W3030Gtrna22L	W3030G04110,W3030G04120,W3030G04130,W3030G04130-W3030Gtrna22L,W3030G04140,W3030G04150,W3030G04160	W3030G04090	YGR175C	ERG1	8003	downstream	W3030G04130		W303_0G04130	128	downstream	False
STC-55-3	STC	w303_scaffold_8	473874	C	CTA	174.22	INSERTION	upstream_gene_variant	MODIFIER	W3030H02520	W3030H02490,W3030H02500,W3030H02510,W3030H02510-W3030Htrna15T,W3030H02520,W3030H02530	W3030H02610	YHR190W	ERG9	19038	upstream	W3030H02510		W303_0H02510	133	downstream	False
STC-55-3	STC	w303_scaffold_8	473874	C	CTA	174.22	INSERTION	upstream_gene_variant	MODIFIER	W3030H02530	W3030H02490,W3030H02500,W3030H02510,W3030H02510-W3030Htrna15T,W3030H02520,W3030H02530	W3030H02610	YHR190W	ERG9	19038	upstream	W3030H02510		W303_0H02510	133	downstream	False
STC-55-3	STC	w303_scaffold_8	473874	C	CTA	174.22	INSERTION	downstream_gene_variant	MODIFIER	W3030H02490	W3030H02490,W3030H02500,W3030H02510,W3030H02510-W3030Htrna15T,W3030H02520,W3030H02530	W3030H02610	YHR190W	ERG9	19038	upstream	W3030H02510		W303_0H02510	133	downstream	False
STC-55-3	STC	w303_scaffold_8	473874	C	CTA	174.22	INSERTION	downstream_gene_variant	MODIFIER	W3030H02500	W3030H02490,W3030H02500,W3030H02510,W3030H02510-W3030Htrna15T,W3030H02520,W3030H02530	W3030H02610	YHR190W	ERG9	19038	upstream	W3030H02510		W303_0H02510	133	downstream	False
STC-55-3	STC	w303_scaffold_8	473874	C	CTA	174.22	INSERTION	downstream_gene_variant	MODIFIER	W3030H02510	W3030H02490,W3030H02500,W3030H02510,W3030H02510-W3030Htrna15T,W3030H02520,W3030H02530	W3030H02610	YHR190W	ERG9	19038	upstream	W3030H02510		W303_0H02510	133	downstream	True
STC-55-3	STC	w303_scaffold_8	473874	C	CTA	174.22	INSERTION	intergenic_region	MODIFIER	W3030H02510-W3030Htrna15T	W3030H02490,W3030H02500,W3030H02510,W3030H02510-W3030Htrna15T,W3030H02520,W3030H02530	W3030H02610	YHR190W	ERG9	19038	upstream	W3030H02510		W303_0H02510	133	downstream	False
WT-37-55-1	WT-37	w303_scaffold_7	646664	G	GA	228.168	INSERTION	upstream_gene_variant	MODIFIER	W3030G03190	W3030G03180,W3030G03190,W3030G03200,W3030G03210,W3030G03210-W3030G03220,W3030G03220,W3030G03230	W3030G02990	YGR060W	ERG25	38043	downstream	W3030G03220		W303_0G03220	161	upstream	False
WT-37-55-1	WT-37	w303_scaffold_7	646664	G	GA	228.168	INSERTION	upstream_gene_variant	MODIFIER	W3030G03200	W3030G03180,W3030G03190,W3030G03200,W3030G03210,W3030G03210-W3030G03220,W3030G03220,W3030G03230	W3030G02990	YGR060W	ERG25	38043	downstream	W3030G03220		W303_0G03220	161	upstream	False
WT-37-55-1	WT-37	w303_scaffold_7	646664	G	GA	228.168	INSERTION	upstream_gene_variant	MODIFIER	W3030G03210	W3030G03180,W3030G03190,W3030G03200,W3030G03210,W3030G03210-W3030G03220,W3030G03220,W3030G03230	W3030G02990	YGR060W	ERG25	38043	downstream	W3030G03220		W303_0G03220	161	upstream	False
WT-37-55-1	WT-37	w303_scaffold_7	646664	G	GA	228.168	INSERTION	downstream_gene_variant	MODIFIER	W3030G03180	W3030G03180,W3030G03190,W3030G03200,W3030G03210,W3030G03210-W3030G03220,W3030G03220,W3030G03230	W3030G02990	YGR060W	ERG25	38043	downstream	W3030G03220		W303_0G03220	161	upstream	False
WT-37-55-1	WT-37	w303_scaffold_7	646664	G	GA	228.168	INSERTION	downstream_gene_variant	MODIFIER	W3030G03220	W3030G03180,W3030G03190,W3030G03200,W3030G03210,W3030G03210-W3030G03220,W3030G03220,W3030G03230	W3030G02990	YGR060W	ERG25	38043	downstream	W3030G03220		W303_0G03220	161	upstream	True
WT-37-55-1	WT-37	w303_scaffold_7	646664	G	GA	228.168	INSERTION	downstream_gene_variant	MODIFIER	W3030G03230	W3030G03180,W3030G03190,W3030G03200,W3030G03210,W3030G03210-W3030G03220,W3030G03220,W3030G03230	W3030G02990	YGR060W	ERG25	38043	downstream	W3030G03220		W303_0G03220	161	upstream	False
WT-37-55-1	WT-37	w303_scaffold_7	646664	G	GA	228.168	INSERTION	intergenic_region	MODIFIER	W3030G03210-W3030G03220	W3030G03180,W3030G03190,W3030G03200,W3030G03210,W3030G03210-W3030G03220,W3030G03220,W3030G03230	W3030G02990	YGR060W	ERG25	38043	downstream	W3030G03220		W303_0G03220	161	upstream	False
WT-37-55-1	WT-37	w303_scaffold_7	855989	C	CA	66.2102	INSERTION	upstream_gene_variant	MODIFIER	W3030G04110	W3030G04110,W3030G04120,W3030G04130,W3030G04130-W3030Gtrna22L,W3030G04140,W3030G04150,W3030G04160	W3030G04090	YGR175C	ERG1	8003	downstream	W3030G04130		W303_0G04130	128	downstream	False
WT-37-55-1	WT-37	w303_scaffold_7	855989	C	CA	66.2102	INSERTION	upstream_gene_variant	MODIFIER	W3030G04120	W3030G04110,W3030G04120,W3030G04130,W3030G04130-W3030Gtrna22L,W3030G04140,W3030G04150,W3030G04160	W3030G04090	YGR175C	ERG1	8003	downstream	W3030G04130		W303_0G04130	128	downstream	False
WT-37-55-1	WT-37	w303_scaffold_7	855989	C	CA	66.2102	INSERTION	upstream_gene_variant	MODIFIER	W3030G04130	W3030G04110,W3030G04120,W3030G04130,W3030G04130-W3030Gtrna22L,W3030G04140,W3030G04150,W3030G04160	W3030G04090	YGR175C	ERG1	8003	downstream	W3030G04130		W303_0G04130	128	downstream	True
WT-37-55-1	WT-37	w303_scaffold_7	855989	C	CA	66.2102	INSERTION	upstream_gene_variant	MODIFIER	W3030G04140	W3030G04110,W3030G04120,W3030G04130,W3030G04130-W3030Gtrna22L,W3030G04140,W3030G04150,W3030G04160	W3030G04090	YGR175C	ERG1	8003	downstream	W3030G04130		W303_0G04130	128	downstream	False
WT-37-55-1	WT-37	w303_scaffold_7	855989	C	CA	66.2102	INSERTION	downstream_gene_variant	MODIFIER	W3030G04150	W3030G04110,W3030G04120,W3030G04130,W3030G04130-W3030Gtrna22L,W3030G04140,W3030G04150,W3030G04160	W3030G04090	YGR175C	ERG1	8003	downstream	W3030G04130		W303_0G04130	128	downstream	False
WT-37-55-1	WT-37	w303_scaffold_7	855989	C	CA	66.2102	INSERTION	downstream_gene_variant	MODIFIER	W3030G04160	W3030G04110,W3030G04120,W3030G04130,W3030G04130-W3030Gtrna22L,W3030G04140,W3030G04150,W3030G04160	W3030G04090	YGR175C	ERG1	8003	downstream	W3030G04130		W303_0G04130	128	downstream	False
WT-37-55-1	WT-37	w303_scaffold_7	855989	C	CA	66.2102	INSERTION	intergenic_region	MODIFIER	W3030G04130-W3030Gtrna22L	W3030G04110,W3030G04120,W3030G04130,W3030G04130-W3030Gtrna22L,W3030G04140,W3030G04150,W3030G04160	W3030G04090	YGR175C	ERG1	8003	downstream	W3030G04130		W303_0G04130	128	downstream	False
WT-37-55-1	WT-37	w303_scaffold_12	296291	G	A	225.417	SNV	missense_variant	MODERATE	W3030L01480	W3030L01460,W3030L01470,W3030L01480,W3030L01490,W3030L01500,W3030L01510,W3030L01520	W3030L01320	YLR056W	ERG3	26116	downstream	W3030L01480		W303_0L01480	0	within	True
WT-37-55-1	WT-37	w303_scaffold_12	296291	G	A	225.417	SNV	upstream_gene_variant	MODIFIER	W3030L01460	W3030L01460,W3030L01470,W3030L01480,W3030L01490,W3030L01500,W3030L01510,W3030L01520	W3030L01320	YLR056W	ERG3	26116	downstream	W3030L01480		W303_0L01480	0	within	False
WT-37-55-1	WT-37	w303_scaffold_12	296291	G	A	225.417	SNV	upstream_gene_variant	MODIFIER	W3030L01500	W3030L01460,W3030L01470,W3030L01480,W3030L01490,W3030L01500,W3030L01510,W3030L01520	W3030L01320	YLR056W	ERG3	26116	downstream	W3030L01480		W303_0L01480	0	within	False
WT-37-55-1	WT-37	w303_scaffold_12	296291	G	A	225.417	SNV	upstream_gene_variant	MODIFIER	W3030L01510	W3030L01460,W3030L01470,W3030L01480,W3030L01490,W3030L01500,W3030L01510,W3030L01520	W3030L01320	YLR056W	ERG3	26116	downstream	W3030L01480		W303_0L01480	0	within	False
WT-37-55-1	WT-37	w303_scaffold_12	296291	G	A	225.417	SNV	downstream_gene_variant	MODIFIER	W3030L01470	W3030L01460,W3030L01470,W3030L01480,W3030L01490,W3030L01500,W3030L01510,W3030L01520	W3030L01320	YLR056W	ERG3	26116	downstream	W3030L01480		W303_0L01480	0	within	False
WT-37-55-1	WT-37	w303_scaffold_12	296291	G	A	225.417	SNV	downstream_gene_variant	MODIFIER	W3030L01490	W3030L01460,W3030L01470,W3030L01480,W3030L01490,W3030L01500,W3030L01510,W3030L01520	W3030L01320	YLR056W	ERG3	26116	downstream	W3030L01480		W303_0L01480	0	within	False
WT-37-55-1	WT-37	w303_scaffold_12	296291	G	A	225.417	SNV	downstream_gene_variant	MODIFIER	W3030L01520	W3030L01460,W3030L01470,W3030L01480,W3030L01490,W3030L01500,W3030L01510,W3030L01520	W3030L01320	YLR056W	ERG3	26116	downstream	W3030L01480		W303_0L01480	0	within	False
WT-37-55-1	WT-37	w303_scaffold_16	343681	C	A	225.417	SNV	missense_variant	MODERATE	W3030P01730	W3030P01700,W3030P01710,W3030P01720,W3030P01730,W3030P01740,W3030P01750	W3030P01520	YMR015C	ERG5	40870	downstream	W3030P01730		W303_0P01730	0	within	True
WT-37-55-1	WT-37	w303_scaffold_16	343681	C	A	225.417	SNV	upstream_gene_variant	MODIFIER	W3030P01710	W3030P01700,W3030P01710,W3030P01720,W3030P01730,W3030P01740,W3030P01750	W3030P01520	YMR015C	ERG5	40870	downstream	W3030P01730		W303_0P01730	0	within	False
WT-37-55-1	WT-37	w303_scaffold_16	343681	C	A	225.417	SNV	downstream_gene_variant	MODIFIER	W3030P01700	W3030P01700,W3030P01710,W3030P01720,W3030P01730,W3030P01740,W3030P01750	W3030P01520	YMR015C	ERG5	40870	downstream	W3030P01730		W303_0P01730	0	within	False
WT-37-55-1	WT-37	w303_scaffold_16	343681	C	A	225.417	SNV	downstream_gene_variant	MODIFIER	W3030P01720	W3030P01700,W3030P01710,W3030P01720,W3030P01730,W3030P01740,W3030P01750	W3030P01520	YMR015C	ERG5	40870	downstream	W3030P01730		W303_0P01730	0	within	False
WT-37-55-1	WT-37	w303_scaffold_16	343681	C	A	225.417	SNV	downstream_gene_variant	MODIFIER	W3030P01740	W3030P01700,W3030P01710,W3030P01720,W3030P01730,W3030P01740,W3030P01750	W3030P01520	YMR015C	ERG5	40870	downstream	W3030P01730		W303_0P01730	0	within	False
WT-37-55-1	WT-37	w303_scaffold_16	343681	C	A	225.417	SNV	downstream_gene_variant	MODIFIER	W3030P01750	W3030P01700,W3030P01710,W3030P01720,W3030P01730,W3030P01740,W3030P01750	W3030P01520	YMR015C	ERG5	40870	downstream	W3030P01730		W303_0P01730	0	within	False
WT-37-55-1	WT-37	w303_scaffold_17	119029	G	T	225.417	SNV	missense_variant	MODERATE	W3030Q00680	W3030Q00670,W3030Q00680,W3030Q00690,W3030Q00700,W3030Q00710	W3030Q00650	YNL280C	ERG24	8064	downstream	W3030Q00680		W303_0Q00680	0	within	True
WT-37-55-1	WT-37	w303_scaffold_17	119029	G	T	225.417	SNV	upstream_gene_variant	MODIFIER	W3030Q00690	W3030Q00670,W3030Q00680,W3030Q00690,W3030Q00700,W3030Q00710	W3030Q00650	YNL280C	ERG24	8064	downstream	W3030Q00680		W303_0Q00680	0	within	False
WT-37-55-1	WT-37	w303_scaffold_17	119029	G	T	225.417	SNV	upstream_gene_variant	MODIFIER	W3030Q00710	W3030Q00670,W3030Q00680,W3030Q00690,W3030Q00700,W3030Q00710	W3030Q00650	YNL280C	ERG24	8064	downstream	W3030Q00680		W303_0Q00680	0	within	False
WT-37-55-1	WT-37	w303_scaffold_17	119029	G	T	225.417	SNV	downstream_gene_variant	MODIFIER	W3030Q00670	W3030Q00670,W3030Q00680,W3030Q00690,W3030Q00700,W3030Q00710	W3030Q00650	YNL280C	ERG24	8064	downstream	W3030Q00680		W303_0Q00680	0	within	False
WT-37-55-1	WT-37	w303_scaffold_17	119029	G	T	225.417	SNV	downstream_gene_variant	MODIFIER	W3030Q00700	W3030Q00670,W3030Q00680,W3030Q00690,W3030Q00700,W3030Q00710	W3030Q00650	YNL280C	ERG24	8064	downstream	W3030Q00680		W303_0Q00680	0	within	False
WT-37-55-1	WT-37	w303_scaffold_17	155477	GAA	G	90.6275	DELETION	upstream_gene_variant	MODIFIER	W3030Q00810	W3030Q00800,W3030Q00800-W3030Q00810,W3030Q00810,W3030Q00820,W3030Q00830,W3030Q00840	W3030Q00650	YNL280C	ERG24	44512	downstream	W3030Q00800		W303_0Q00800	43	downstream	False
WT-37-55-1	WT-37	w303_scaffold_17	155477	GAA	G	90.6275	DELETION	downstream_gene_variant	MODIFIER	W3030Q00800	W3030Q00800,W3030Q00800-W3030Q00810,W3030Q00810,W3030Q00820,W3030Q00830,W3030Q00840	W3030Q00650	YNL280C	ERG24	44512	downstream	W3030Q00800		W303_0Q00800	43	downstream	True
WT-37-55-1	WT-37	w303_scaffold_17	155477	GAA	G	90.6275	DELETION	downstream_gene_variant	MODIFIER	W3030Q00820	W3030Q00800,W3030Q00800-W3030Q00810,W3030Q00810,W3030Q00820,W3030Q00830,W3030Q00840	W3030Q00650	YNL280C	ERG24	44512	downstream	W3030Q00800		W303_0Q00800	43	downstream	False
WT-37-55-1	WT-37	w303_scaffold_17	155477	GAA	G	90.6275	DELETION	downstream_gene_variant	MODIFIER	W3030Q00830	W3030Q00800,W3030Q00800-W3030Q00810,W3030Q00810,W3030Q00820,W3030Q00830,W3030Q00840	W3030Q00650	YNL280C	ERG24	44512	downstream	W3030Q00800		W303_0Q00800	43	downstream	False
WT-37-55-1	WT-37	w303_scaffold_17	155477	GAA	G	90.6275	DELETION	downstream_gene_variant	MODIFIER	W3030Q00840	W3030Q00800,W3030Q00800-W3030Q00810,W3030Q00810,W3030Q00820,W3030Q00830,W3030Q00840	W3030Q00650	YNL280C	ERG24	44512	downstream	W3030Q00800		W303_0Q00800	43	downstream	False
WT-37-55-1	WT-37	w303_scaffold_17	155477	GAA	G	90.6275	DELETION	intergenic_region	MODIFIER	W3030Q00800-W3030Q00810	W3030Q00800,W3030Q00800-W3030Q00810,W3030Q00810,W3030Q00820,W3030Q00830,W3030Q00840	W3030Q00650	YNL280C	ERG24	44512	downstream	W3030Q00800		W303_0Q00800	43	downstream	False
WT-37-55-2	WT-37	w303_scaffold_7	818556	C	CAA	22.0576	INSERTION	upstream_gene_variant	MODIFIER	W3030G03930	W3030G03920,W3030G03930,W3030G03940,W3030G03940-W3030G03950,W3030G03950	W3030G04090	YGR175C	ERG1	27939	upstream	W3030G03940		W303_0G03940	209	downstream	False
WT-37-55-2	WT-37	w303_scaffold_7	818556	C	CAA	22.0576	INSERTION	upstream_gene_variant	MODIFIER	W3030G03940	W3030G03920,W3030G03930,W3030G03940,W3030G03940-W3030G03950,W3030G03950	W3030G04090	YGR175C	ERG1	27939	upstream	W3030G03940		W303_0G03940	209	downstream	True
WT-37-55-2	WT-37	w303_scaffold_7	818556	C	CAA	22.0576	INSERTION	downstream_gene_variant	MODIFIER	W3030G03920	W3030G03920,W3030G03930,W3030G03940,W3030G03940-W3030G03950,W3030G03950	W3030G04090	YGR175C	ERG1	27939	upstream	W3030G03940		W303_0G03940	209	downstream	False
WT-37-55-2	WT-37	w303_scaffold_7	818556	C	CAA	22.0576	INSERTION	downstream_gene_variant	MODIFIER	W3030G03950	W3030G03920,W3030G03930,W3030G03940,W3030G03940-W3030G03950,W3030G03950	W3030G04090	YGR175C	ERG1	27939	upstream	W3030G03940		W303_0G03940	209	downstream	False
WT-37-55-2	WT-37	w303_scaffold_7	818556	C	CAA	22.0576	INSERTION	intergenic_region	MODIFIER	W3030G03940-W3030G03950	W3030G03920,W3030G03930,W3030G03940,W3030G03940-W3030G03950,W3030G03950	W3030G04090	YGR175C	ERG1	27939	upstream	W3030G03940		W303_0G03940	209	downstream	False
WT-37-55-2	WT-37	w303_scaffold_7	823351	TA	T	162.318	DELETION	upstream_gene_variant	MODIFIER	W3030G03950	W3030G03950,W3030G03960,W3030G03970,W3030Gtrna17V-W3030G03960	W3030G04090	YGR175C	ERG1	23144	upstream	W3030Gtrna17V			240	downstream	False
WT-37-55-2	WT-37	w303_scaffold_7	823351	TA	T	162.318	DELETION	upstream_gene_variant	MODIFIER	W3030G03960	W3030G03950,W3030G03960,W3030G03970,W3030Gtrna17V-W3030G03960	W3030G04090	YGR175C	ERG1	23144	upstream	W3030Gtrna17V			240	downstream	False
WT-37-55-2	WT-37	w303_scaffold_7	823351	TA	T	162.318	DELETION	upstream_gene_variant	MODIFIER	W3030G03970	W3030G03950,W3030G03960,W3030G03970,W3030Gtrna17V-W3030G03960	W3030G04090	YGR175C	ERG1	23144	upstream	W3030Gtrna17V			240	downstream	False
WT-37-55-2	WT-37	w303_scaffold_7	823351	TA	T	162.318	DELETION	intergenic_region	MODIFIER	W3030Gtrna17V-W3030G03960	W3030G03950,W3030G03960,W3030G03970,W3030Gtrna17V-W3030G03960	W3030G04090	YGR175C	ERG1	23144	upstream	W3030Gtrna17V			240	downstream	False
WT-37-55-2	WT-37	w303_scaffold_7	855989	C	CA	74.2866	INSERTION	upstream_gene_variant	MODIFIER	W3030G04110	W3030G04110,W3030G04120,W3030G04130,W3030G04130-W3030Gtrna22L,W3030G04140,W3030G04150,W3030G04160	W3030G04090	YGR175C	ERG1	8003	downstream	W3030G04130		W303_0G04130	128	downstream	False
WT-37-55-2	WT-37	w303_scaffold_7	855989	C	CA	74.2866	INSERTION	upstream_gene_variant	MODIFIER	W3030G04120	W3030G04110,W3030G04120,W3030G04130,W3030G04130-W3030Gtrna22L,W3030G04140,W3030G04150,W3030G04160	W3030G04090	YGR175C	ERG1	8003	downstream	W3030G04130		W303_0G04130	128	downstream	False
WT-37-55-2	WT-37	w303_scaffold_7	855989	C	CA	74.2866	INSERTION	upstream_gene_variant	MODIFIER	W3030G04130	W3030G04110,W3030G04120,W3030G04130,W3030G04130-W3030Gtrna22L,W3030G04140,W3030G04150,W3030G04160	W3030G04090	YGR175C	ERG1	8003	downstream	W3030G04130		W303_0G04130	128	downstream	True
WT-37-55-2	WT-37	w303_scaffold_7	855989	C	CA	74.2866	INSERTION	upstream_gene_variant	MODIFIER	W3030G04140	W3030G04110,W3030G04120,W3030G04130,W3030G04130-W3030Gtrna22L,W3030G04140,W3030G04150,W3030G04160	W3030G04090	YGR175C	ERG1	8003	downstream	W3030G04130		W303_0G04130	128	downstream	False
WT-37-55-2	WT-37	w303_scaffold_7	855989	C	CA	74.2866	INSERTION	downstream_gene_variant	MODIFIER	W3030G04150	W3030G04110,W3030G04120,W3030G04130,W3030G04130-W3030Gtrna22L,W3030G04140,W3030G04150,W3030G04160	W3030G04090	YGR175C	ERG1	8003	downstream	W3030G04130		W303_0G04130	128	downstream	False
WT-37-55-2	WT-37	w303_scaffold_7	855989	C	CA	74.2866	INSERTION	downstream_gene_variant	MODIFIER	W3030G04160	W3030G04110,W3030G04120,W3030G04130,W3030G04130-W3030Gtrna22L,W3030G04140,W3030G04150,W3030G04160	W3030G04090	YGR175C	ERG1	8003	downstream	W3030G04130		W303_0G04130	128	downstream	False
WT-37-55-2	WT-37	w303_scaffold_7	855989	C	CA	74.2866	INSERTION	intergenic_region	MODIFIER	W3030G04130-W3030Gtrna22L	W3030G04110,W3030G04120,W3030G04130,W3030G04130-W3030Gtrna22L,W3030G04140,W3030G04150,W3030G04160	W3030G04090	YGR175C	ERG1	8003	downstream	W3030G04130		W303_0G04130	128	downstream	False
WT-37-55-2	WT-37	w303_scaffold_8	74766	GCAGCCACCAAGCCGGTTTTTACAGATCTACCGGCGGGGGGNNNNNNNNNN	G	56.2445	DELETION	frameshift_variant&stop_lost&splice_region_variant	HIGH	W3030H00410	W3030H00380,W3030H00390,W3030H00400,W3030H00400-W3030H00410,W3030H00410,W3030H00420,W3030H00430,W3030H00440,W3030H00450	W3030H00650	YHR007C	ERG11	40943	upstream	W3030H00410		W303_0H00410	19	upstream	True
WT-37-55-2	WT-37	w303_scaffold_8	74766	GCAGCCACCAAGCCGGTTTTTACAGATCTACCGGCGGGGGGNNNNNNNNNN	G	56.2445	DELETION	upstream_gene_variant	MODIFIER	W3030H00380	W3030H00380,W3030H00390,W3030H00400,W3030H00400-W3030H00410,W3030H00410,W3030H00420,W3030H00430,W3030H00440,W3030H00450	W3030H00650	YHR007C	ERG11	40943	upstream	W3030H00410		W303_0H00410	19	upstream	False
WT-37-55-2	WT-37	w303_scaffold_8	74766	GCAGCCACCAAGCCGGTTTTTACAGATCTACCGGCGGGGGGNNNNNNNNNN	G	56.2445	DELETION	upstream_gene_variant	MODIFIER	W3030H00420	W3030H00380,W3030H00390,W3030H00400,W3030H00400-W3030H00410,W3030H00410,W3030H00420,W3030H00430,W3030H00440,W3030H00450	W3030H00650	YHR007C	ERG11	40943	upstream	W3030H00410		W303_0H00410	19	upstream	False
WT-37-55-2	WT-37	w303_scaffold_8	74766	GCAGCCACCAAGCCGGTTTTTACAGATCTACCGGCGGGGGGNNNNNNNNNN	G	56.2445	DELETION	upstream_gene_variant	MODIFIER	W3030H00450	W3030H00380,W3030H00390,W3030H00400,W3030H00400-W3030H00410,W3030H00410,W3030H00420,W3030H00430,W3030H00440,W3030H00450	W3030H00650	YHR007C	ERG11	40943	upstream	W3030H00410		W303_0H00410	19	upstream	False
WT-37-55-2	WT-37	w303_scaffold_8	74766	GCAGCCACCAAGCCGGTTTTTACAGATCTACCGGCGGGGGGNNNNNNNNNN	G	56.2445	DELETION	downstream_gene_variant	MODIFIER	W3030H00390	W3030H00380,W3030H00390,W3030H00400,W3030H00400-W3030H00410,W3030H00410,W3030H00420,W3030H00430,W3030H00440,W3030H00450	W3030H00650	YHR007C	ERG11	40943	upstream	W3030H00410		W303_0H00410	19	upstream	False
WT-37-55-2	WT-37	w303_scaffold_8	74766	GCAGCCACCAAGCCGGTTTTTACAGATCTACCGGCGGGGGGNNNNNNNNNN	G	56.2445	DELETION	downstream_gene_variant	MODIFIER	W3030H00400	W3030H00380,W3030H00390,W3030H00400,W3030H00400-W3030H00410,W3030H00410,W3030H00420,W3030H00430,W3030H00440,W3030H00450	W3030H00650	YHR007C	ERG11	40943	upstream	W3030H00410		W303_0H00410	19	upstream	False
WT-37-55-2	WT-37	w303_scaffold_8	74766	GCAGCCACCAAGCCGGTTTTTACAGATCTACCGGCGGGGGGNNNNNNNNNN	G	56.2445	DELETION	downstream_gene_variant	MODIFIER	W3030H00410	W3030H00380,W3030H00390,W3030H00400,W3030H00400-W3030H00410,W3030H00410,W3030H00420,W3030H00430,W3030H00440,W3030H00450	W3030H00650	YHR007C	ERG11	40943	upstream	W3030H00410		W303_0H00410	19	upstream	True
WT-37-55-2	WT-37	w303_scaffold_8	74766	GCAGCCACCAAGCCGGTTTTTACAGATCTACCGGCGGGGGGNNNNNNNNNN	G	56.2445	DELETION	downstream_gene_variant	MODIFIER	W3030H00430	W3030H00380,W3030H00390,W3030H00400,W3030H00400-W3030H00410,W3030H00410,W3030H00420,W3030H00430,W3030H00440,W3030H00450	W3030H00650	YHR007C	ERG11	40943	upstream	W3030H00410		W303_0H00410	19	upstream	False
WT-37-55-2	WT-37	w303_scaffold_8	74766	GCAGCCACCAAGCCGGTTTTTACAGATCTACCGGCGGGGGGNNNNNNNNNN	G	56.2445	DELETION	downstream_gene_variant	MODIFIER	W3030H00440	W3030H00380,W3030H00390,W3030H00400,W3030H00400-W3030H00410,W3030H00410,W3030H00420,W3030H00430,W3030H00440,W3030H00450	W3030H00650	YHR007C	ERG11	40943	upstream	W3030H00410		W303_0H00410	19	upstream	False
WT-37-55-2	WT-37	w303_scaffold_8	74766	GCAGCCACCAAGCCGGTTTTTACAGATCTACCGGCGGGGGGNNNNNNNNNN	G	56.2445	DELETION	intergenic_region	MODIFIER	W3030H00400-W3030H00410	W3030H00380,W3030H00390,W3030H00400,W3030H00400-W3030H00410,W3030H00410,W3030H00420,W3030H00430,W3030H00440,W3030H00450	W3030H00650	YHR007C	ERG11	40943	upstream	W3030H00410		W303_0H00410	19	upstream	False
WT-37-55-2	WT-37	w303_scaffold_16	343681	C	A	225.417	SNV	missense_variant	MODERATE	W3030P01730	W3030P01700,W3030P01710,W3030P01720,W3030P01730,W3030P01740,W3030P01750	W3030P01520	YMR015C	ERG5	40870	downstream	W3030P01730		W303_0P01730	0	within	True
WT-37-55-2	WT-37	w303_scaffold_16	343681	C	A	225.417	SNV	upstream_gene_variant	MODIFIER	W3030P01710	W3030P01700,W3030P01710,W3030P01720,W3030P01730,W3030P01740,W3030P01750	W3030P01520	YMR015C	ERG5	40870	downstream	W3030P01730		W303_0P01730	0	within	False
WT-37-55-2	WT-37	w303_scaffold_16	343681	C	A	225.417	SNV	downstream_gene_variant	MODIFIER	W3030P01700	W3030P01700,W3030P01710,W3030P01720,W3030P01730,W3030P01740,W3030P01750	W3030P01520	YMR015C	ERG5	40870	downstream	W3030P01730		W303_0P01730	0	within	False
WT-37-55-2	WT-37	w303_scaffold_16	343681	C	A	225.417	SNV	downstream_gene_variant	MODIFIER	W3030P01720	W3030P01700,W3030P01710,W3030P01720,W3030P01730,W3030P01740,W3030P01750	W3030P01520	YMR015C	ERG5	40870	downstream	W3030P01730		W303_0P01730	0	within	False
WT-37-55-2	WT-37	w303_scaffold_16	343681	C	A	225.417	SNV	downstream_gene_variant	MODIFIER	W3030P01740	W3030P01700,W3030P01710,W3030P01720,W3030P01730,W3030P01740,W3030P01750	W3030P01520	YMR015C	ERG5	40870	downstream	W3030P01730		W303_0P01730	0	within	False
WT-37-55-2	WT-37	w303_scaffold_16	343681	C	A	225.417	SNV	downstream_gene_variant	MODIFIER	W3030P01750	W3030P01700,W3030P01710,W3030P01720,W3030P01730,W3030P01740,W3030P01750	W3030P01520	YMR015C	ERG5	40870	downstream	W3030P01730		W303_0P01730	0	within	False
WT-37-55-2	WT-37	w303_scaffold_17	119029	G	T	225.417	SNV	missense_variant	MODERATE	W3030Q00680	W3030Q00670,W3030Q00680,W3030Q00690,W3030Q00700,W3030Q00710	W3030Q00650	YNL280C	ERG24	8064	downstream	W3030Q00680		W303_0Q00680	0	within	True
WT-37-55-2	WT-37	w303_scaffold_17	119029	G	T	225.417	SNV	upstream_gene_variant	MODIFIER	W3030Q00690	W3030Q00670,W3030Q00680,W3030Q00690,W3030Q00700,W3030Q00710	W3030Q00650	YNL280C	ERG24	8064	downstream	W3030Q00680		W303_0Q00680	0	within	False
WT-37-55-2	WT-37	w303_scaffold_17	119029	G	T	225.417	SNV	upstream_gene_variant	MODIFIER	W3030Q00710	W3030Q00670,W3030Q00680,W3030Q00690,W3030Q00700,W3030Q00710	W3030Q00650	YNL280C	ERG24	8064	downstream	W3030Q00680		W303_0Q00680	0	within	False
WT-37-55-2	WT-37	w303_scaffold_17	119029	G	T	225.417	SNV	downstream_gene_variant	MODIFIER	W3030Q00670	W3030Q00670,W3030Q00680,W3030Q00690,W3030Q00700,W3030Q00710	W3030Q00650	YNL280C	ERG24	8064	downstream	W3030Q00680		W303_0Q00680	0	within	False
WT-37-55-2	WT-37	w303_scaffold_17	119029	G	T	225.417	SNV	downstream_gene_variant	MODIFIER	W3030Q00700	W3030Q00670,W3030Q00680,W3030Q00690,W3030Q00700,W3030Q00710	W3030Q00650	YNL280C	ERG24	8064	downstream	W3030Q00680		W303_0Q00680	0	within	False
WT-37-55-3	WT-37	w303_scaffold_7	855989	C	CA	51.0948	INSERTION	upstream_gene_variant	MODIFIER	W3030G04110	W3030G04110,W3030G04120,W3030G04130,W3030G04130-W3030Gtrna22L,W3030G04140,W3030G04150,W3030G04160	W3030G04090	YGR175C	ERG1	8003	downstream	W3030G04130		W303_0G04130	128	downstream	False
WT-37-55-3	WT-37	w303_scaffold_7	855989	C	CA	51.0948	INSERTION	upstream_gene_variant	MODIFIER	W3030G04120	W3030G04110,W3030G04120,W3030G04130,W3030G04130-W3030Gtrna22L,W3030G04140,W3030G04150,W3030G04160	W3030G04090	YGR175C	ERG1	8003	downstream	W3030G04130		W303_0G04130	128	downstream	False
WT-37-55-3	WT-37	w303_scaffold_7	855989	C	CA	51.0948	INSERTION	upstream_gene_variant	MODIFIER	W3030G04130	W3030G04110,W3030G04120,W3030G04130,W3030G04130-W3030Gtrna22L,W3030G04140,W3030G04150,W3030G04160	W3030G04090	YGR175C	ERG1	8003	downstream	W3030G04130		W303_0G04130	128	downstream	True
WT-37-55-3	WT-37	w303_scaffold_7	855989	C	CA	51.0948	INSERTION	upstream_gene_variant	MODIFIER	W3030G04140	W3030G04110,W3030G04120,W3030G04130,W3030G04130-W3030Gtrna22L,W3030G04140,W3030G04150,W3030G04160	W3030G04090	YGR175C	ERG1	8003	downstream	W3030G04130		W303_0G04130	128	downstream	False
WT-37-55-3	WT-37	w303_scaffold_7	855989	C	CA	51.0948	INSERTION	downstream_gene_variant	MODIFIER	W3030G04150	W3030G04110,W3030G04120,W3030G04130,W3030G04130-W3030Gtrna22L,W3030G04140,W3030G04150,W3030G04160	W3030G04090	YGR175C	ERG1	8003	downstream	W3030G04130		W303_0G04130	128	downstream	False
WT-37-55-3	WT-37	w303_scaffold_7	855989	C	CA	51.0948	INSERTION	downstream_gene_variant	MODIFIER	W3030G04160	W3030G04110,W3030G04120,W3030G04130,W3030G04130-W3030Gtrna22L,W3030G04140,W3030G04150,W3030G04160	W3030G04090	YGR175C	ERG1	8003	downstream	W3030G04130		W303_0G04130	128	downstream	False
WT-37-55-3	WT-37	w303_scaffold_7	855989	C	CA	51.0948	INSERTION	intergenic_region	MODIFIER	W3030G04130-W3030Gtrna22L	W3030G04110,W3030G04120,W3030G04130,W3030G04130-W3030Gtrna22L,W3030G04140,W3030G04150,W3030G04160	W3030G04090	YGR175C	ERG1	8003	downstream	W3030G04130		W303_0G04130	128	downstream	False
WT-37-55-3	WT-37	w303_scaffold_8	74766	GCAGCCACCAAGCCGGTTTTTACAGATCTACCGGCGGGGGGNNNNNNNNNN	G	48.251	DELETION	frameshift_variant&stop_lost&splice_region_variant	HIGH	W3030H00410	W3030H00380,W3030H00390,W3030H00400,W3030H00400-W3030H00410,W3030H00410,W3030H00420,W3030H00430,W3030H00440,W3030H00450	W3030H00650	YHR007C	ERG11	40943	upstream	W3030H00410		W303_0H00410	19	upstream	True
WT-37-55-3	WT-37	w303_scaffold_8	74766	GCAGCCACCAAGCCGGTTTTTACAGATCTACCGGCGGGGGGNNNNNNNNNN	G	48.251	DELETION	upstream_gene_variant	MODIFIER	W3030H00380	W3030H00380,W3030H00390,W3030H00400,W3030H00400-W3030H00410,W3030H00410,W3030H00420,W3030H00430,W3030H00440,W3030H00450	W3030H00650	YHR007C	ERG11	40943	upstream	W3030H00410		W303_0H00410	19	upstream	False
WT-37-55-3	WT-37	w303_scaffold_8	74766	GCAGCCACCAAGCCGGTTTTTACAGATCTACCGGCGGGGGGNNNNNNNNNN	G	48.251	DELETION	upstream_gene_variant	MODIFIER	W3030H00420	W3030H00380,W3030H00390,W3030H00400,W3030H00400-W3030H00410,W3030H00410,W3030H00420,W3030H00430,W3030H00440,W3030H00450	W3030H00650	YHR007C	ERG11	40943	upstream	W3030H00410		W303_0H00410	19	upstream	False
WT-37-55-3	WT-37	w303_scaffold_8	74766	GCAGCCACCAAGCCGGTTTTTACAGATCTACCGGCGGGGGGNNNNNNNNNN	G	48.251	DELETION	upstream_gene_variant	MODIFIER	W3030H00450	W3030H00380,W3030H00390,W3030H00400,W3030H00400-W3030H00410,W3030H00410,W3030H00420,W3030H00430,W3030H00440,W3030H00450	W3030H00650	YHR007C	ERG11	40943	upstream	W3030H00410		W303_0H00410	19	upstream	False
WT-37-55-3	WT-37	w303_scaffold_8	74766	GCAGCCACCAAGCCGGTTTTTACAGATCTACCGGCGGGGGGNNNNNNNNNN	G	48.251	DELETION	downstream_gene_variant	MODIFIER	W3030H00390	W3030H00380,W3030H00390,W3030H00400,W3030H00400-W3030H00410,W3030H00410,W3030H00420,W3030H00430,W3030H00440,W3030H00450	W3030H00650	YHR007C	ERG11	40943	upstream	W3030H00410		W303_0H00410	19	upstream	False
WT-37-55-3	WT-37	w303_scaffold_8	74766	GCAGCCACCAAGCCGGTTTTTACAGATCTACCGGCGGGGGGNNNNNNNNNN	G	48.251	DELETION	downstream_gene_variant	MODIFIER	W3030H00400	W3030H00380,W3030H00390,W3030H00400,W3030H00400-W3030H00410,W3030H00410,W3030H00420,W3030H00430,W3030H00440,W3030H00450	W3030H00650	YHR007C	ERG11	40943	upstream	W3030H00410		W303_0H00410	19	upstream	False
WT-37-55-3	WT-37	w303_scaffold_8	74766	GCAGCCACCAAGCCGGTTTTTACAGATCTACCGGCGGGGGGNNNNNNNNNN	G	48.251	DELETION	downstream_gene_variant	MODIFIER	W3030H00410	W3030H00380,W3030H00390,W3030H00400,W3030H00400-W3030H00410,W3030H00410,W3030H00420,W3030H00430,W3030H00440,W3030H00450	W3030H00650	YHR007C	ERG11	40943	upstream	W3030H00410		W303_0H00410	19	upstream	True
WT-37-55-3	WT-37	w303_scaffold_8	74766	GCAGCCACCAAGCCGGTTTTTACAGATCTACCGGCGGGGGGNNNNNNNNNN	G	48.251	DELETION	downstream_gene_variant	MODIFIER	W3030H00430	W3030H00380,W3030H00390,W3030H00400,W3030H00400-W3030H00410,W3030H00410,W3030H00420,W3030H00430,W3030H00440,W3030H00450	W3030H00650	YHR007C	ERG11	40943	upstream	W3030H00410		W303_0H00410	19	upstream	False
WT-37-55-3	WT-37	w303_scaffold_8	74766	GCAGCCACCAAGCCGGTTTTTACAGATCTACCGGCGGGGGGNNNNNNNNNN	G	48.251	DELETION	downstream_gene_variant	MODIFIER	W3030H00440	W3030H00380,W3030H00390,W3030H00400,W3030H00400-W3030H00410,W3030H00410,W3030H00420,W3030H00430,W3030H00440,W3030H00450	W3030H00650	YHR007C	ERG11	40943	upstream	W3030H00410		W303_0H00410	19	upstream	False
WT-37-55-3	WT-37	w303_scaffold_8	74766	GCAGCCACCAAGCCGGTTTTTACAGATCTACCGGCGGGGGGNNNNNNNNNN	G	48.251	DELETION	intergenic_region	MODIFIER	W3030H00400-W3030H00410	W3030H00380,W3030H00390,W3030H00400,W3030H00400-W3030H00410,W3030H00410,W3030H00420,W3030H00430,W3030H00440,W3030H00450	W3030H00650	YHR007C	ERG11	40943	upstream	W3030H00410		W303_0H00410	19	upstream	False
WT-37-55-3	WT-37	w303_scaffold_8	237175	GAA	G	78.7317	DELETION	upstream_gene_variant	MODIFIER	W3030H01340	W3030H01340,W3030H01350,W3030H01360,W3030H01360-W3030H01370,W3030H01370,W3030H01380,W3030H01390,W3030H01400	W3030H01430	YHR072W	ERG7	9952	upstream	W3030H01360		W303_0H01360	36	downstream	False
WT-37-55-3	WT-37	w303_scaffold_8	237175	GAA	G	78.7317	DELETION	upstream_gene_variant	MODIFIER	W3030H01350	W3030H01340,W3030H01350,W3030H01360,W3030H01360-W3030H01370,W3030H01370,W3030H01380,W3030H01390,W3030H01400	W3030H01430	YHR072W	ERG7	9952	upstream	W3030H01360		W303_0H01360	36	downstream	False
WT-37-55-3	WT-37	w303_scaffold_8	237175	GAA	G	78.7317	DELETION	upstream_gene_variant	MODIFIER	W3030H01360	W3030H01340,W3030H01350,W3030H01360,W3030H01360-W3030H01370,W3030H01370,W3030H01380,W3030H01390,W3030H01400	W3030H01430	YHR072W	ERG7	9952	upstream	W3030H01360		W303_0H01360	36	downstream	True
WT-37-55-3	WT-37	w303_scaffold_8	237175	GAA	G	78.7317	DELETION	upstream_gene_variant	MODIFIER	W3030H01370	W3030H01340,W3030H01350,W3030H01360,W3030H01360-W3030H01370,W3030H01370,W3030H01380,W3030H01390,W3030H01400	W3030H01430	YHR072W	ERG7	9952	upstream	W3030H01360		W303_0H01360	36	downstream	False
WT-37-55-3	WT-37	w303_scaffold_8	237175	GAA	G	78.7317	DELETION	upstream_gene_variant	MODIFIER	W3030H01380	W3030H01340,W3030H01350,W3030H01360,W3030H01360-W3030H01370,W3030H01370,W3030H01380,W3030H01390,W3030H01400	W3030H01430	YHR072W	ERG7	9952	upstream	W3030H01360		W303_0H01360	36	downstream	False
WT-37-55-3	WT-37	w303_scaffold_8	237175	GAA	G	78.7317	DELETION	upstream_gene_variant	MODIFIER	W3030H01390	W3030H01340,W3030H01350,W3030H01360,W3030H01360-W3030H01370,W3030H01370,W3030H01380,W3030H01390,W3030H01400	W3030H01430	YHR072W	ERG7	9952	upstream	W3030H01360		W303_0H01360	36	downstream	False
WT-37-55-3	WT-37	w303_scaffold_8	237175	GAA	G	78.7317	DELETION	downstream_gene_variant	MODIFIER	W3030H01400	W3030H01340,W3030H01350,W3030H01360,W3030H01360-W3030H01370,W3030H01370,W3030H01380,W3030H01390,W3030H01400	W3030H01430	YHR072W	ERG7	9952	upstream	W3030H01360		W303_0H01360	36	downstream	False
WT-37-55-3	WT-37	w303_scaffold_8	237175	GAA	G	78.7317	DELETION	intergenic_region	MODIFIER	W3030H01360-W3030H01370	W3030H01340,W3030H01350,W3030H01360,W3030H01360-W3030H01370,W3030H01370,W3030H01380,W3030H01390,W3030H01400	W3030H01430	YHR072W	ERG7	9952	upstream	W3030H01360		W303_0H01360	36	downstream	False
WT-37-55-3	WT-37	w303_scaffold_8	516868	CAA	C	22.4847	DELETION	upstream_gene_variant	MODIFIER	W3030H02750	W3030H02740,W3030H02750,W3030H02760,W3030H02760-W3030H02770,W3030H02770,W3030H02780	W3030H02610	YHR190W	ERG9	22621	downstream	W3030H02760		W303_0H02760	91	downstream	False
WT-37-55-3	WT-37	w303_scaffold_8	516868	CAA	C	22.4847	DELETION	upstream_gene_variant	MODIFIER	W3030H02770	W3030H02740,W3030H02750,W3030H02760,W3030H02760-W3030H02770,W3030H02770,W3030H02780	W3030H02610	YHR190W	ERG9	22621	downstream	W3030H02760		W303_0H02760	91	downstream	False
WT-37-55-3	WT-37	w303_scaffold_8	516868	CAA	C	22.4847	DELETION	upstream_gene_variant	MODIFIER	W3030H02780	W3030H02740,W3030H02750,W3030H02760,W3030H02760-W3030H02770,W3030H02770,W3030H02780	W3030H02610	YHR190W	ERG9	22621	downstream	W3030H02760		W303_0H02760	91	downstream	False
WT-37-55-3	WT-37	w303_scaffold_8	516868	CAA	C	22.4847	DELETION	downstream_gene_variant	MODIFIER	W3030H02740	W3030H02740,W3030H02750,W3030H02760,W3030H02760-W3030H02770,W3030H02770,W3030H02780	W3030H02610	YHR190W	ERG9	22621	downstream	W3030H02760		W303_0H02760	91	downstream	False
WT-37-55-3	WT-37	w303_scaffold_8	516868	CAA	C	22.4847	DELETION	downstream_gene_variant	MODIFIER	W3030H02760	W3030H02740,W3030H02750,W3030H02760,W3030H02760-W3030H02770,W3030H02770,W3030H02780	W3030H02610	YHR190W	ERG9	22621	downstream	W3030H02760		W303_0H02760	91	downstream	True
WT-37-55-3	WT-37	w303_scaffold_8	516868	CAA	C	22.4847	DELETION	intergenic_region	MODIFIER	W3030H02760-W3030H02770	W3030H02740,W3030H02750,W3030H02760,W3030H02760-W3030H02770,W3030H02770,W3030H02780	W3030H02610	YHR190W	ERG9	22621	downstream	W3030H02760		W303_0H02760	91	downstream	False
WT-37-55-3	WT-37	w303_scaffold_16	343681	C	A	225.417	SNV	missense_variant	MODERATE	W3030P01730	W3030P01700,W3030P01710,W3030P01720,W3030P01730,W3030P01740,W3030P01750	W3030P01520	YMR015C	ERG5	40870	downstream	W3030P01730		W303_0P01730	0	within	True
WT-37-55-3	WT-37	w303_scaffold_16	343681	C	A	225.417	SNV	upstream_gene_variant	MODIFIER	W3030P01710	W3030P01700,W3030P01710,W3030P01720,W3030P01730,W3030P01740,W3030P01750	W3030P01520	YMR015C	ERG5	40870	downstream	W3030P01730		W303_0P01730	0	within	False
WT-37-55-3	WT-37	w303_scaffold_16	343681	C	A	225.417	SNV	downstream_gene_variant	MODIFIER	W3030P01700	W3030P01700,W3030P01710,W3030P01720,W3030P01730,W3030P01740,W3030P01750	W3030P01520	YMR015C	ERG5	40870	downstream	W3030P01730		W303_0P01730	0	within	False
WT-37-55-3	WT-37	w303_scaffold_16	343681	C	A	225.417	SNV	downstream_gene_variant	MODIFIER	W3030P01720	W3030P01700,W3030P01710,W3030P01720,W3030P01730,W3030P01740,W3030P01750	W3030P01520	YMR015C	ERG5	40870	downstream	W3030P01730		W303_0P01730	0	within	False
WT-37-55-3	WT-37	w303_scaffold_16	343681	C	A	225.417	SNV	downstream_gene_variant	MODIFIER	W3030P01740	W3030P01700,W3030P01710,W3030P01720,W3030P01730,W3030P01740,W3030P01750	W3030P01520	YMR015C	ERG5	40870	downstream	W3030P01730		W303_0P01730	0	within	False
WT-37-55-3	WT-37	w303_scaffold_16	343681	C	A	225.417	SNV	downstream_gene_variant	MODIFIER	W3030P01750	W3030P01700,W3030P01710,W3030P01720,W3030P01730,W3030P01740,W3030P01750	W3030P01520	YMR015C	ERG5	40870	downstream	W3030P01730		W303_0P01730	0	within	False
WT-37-55-3	WT-37	w303_scaffold_17	119029	G	T	228.354	SNV	missense_variant	MODERATE	W3030Q00680	W3030Q00670,W3030Q00680,W3030Q00690,W3030Q00700,W3030Q00710	W3030Q00650	YNL280C	ERG24	8064	downstream	W3030Q00680		W303_0Q00680	0	within	True
WT-37-55-3	WT-37	w303_scaffold_17	119029	G	T	228.354	SNV	upstream_gene_variant	MODIFIER	W3030Q00690	W3030Q00670,W3030Q00680,W3030Q00690,W3030Q00700,W3030Q00710	W3030Q00650	YNL280C	ERG24	8064	downstream	W3030Q00680		W303_0Q00680	0	within	False
WT-37-55-3	WT-37	w303_scaffold_17	119029	G	T	228.354	SNV	upstream_gene_variant	MODIFIER	W3030Q00710	W3030Q00670,W3030Q00680,W3030Q00690,W3030Q00700,W3030Q00710	W3030Q00650	YNL280C	ERG24	8064	downstream	W3030Q00680		W303_0Q00680	0	within	False
WT-37-55-3	WT-37	w303_scaffold_17	119029	G	T	228.354	SNV	downstream_gene_variant	MODIFIER	W3030Q00670	W3030Q00670,W3030Q00680,W3030Q00690,W3030Q00700,W3030Q00710	W3030Q00650	YNL280C	ERG24	8064	downstream	W3030Q00680		W303_0Q00680	0	within	False
WT-37-55-3	WT-37	w303_scaffold_17	119029	G	T	228.354	SNV	downstream_gene_variant	MODIFIER	W3030Q00700	W3030Q00670,W3030Q00680,W3030Q00690,W3030Q00700,W3030Q00710	W3030Q00650	YNL280C	ERG24	8064	downstream	W3030Q00680		W303_0Q00680	0	within	False
WTA-55-1	WTA	w303_scaffold_7	855989	C	CAA	45.2633	INSERTION	upstream_gene_variant	MODIFIER	W3030G04110	W3030G04110,W3030G04120,W3030G04130,W3030G04130-W3030Gtrna22L,W3030G04140,W3030G04150,W3030G04160	W3030G04090	YGR175C	ERG1	8003	downstream	W3030G04130		W303_0G04130	128	downstream	False
WTA-55-1	WTA	w303_scaffold_7	855989	C	CAA	45.2633	INSERTION	upstream_gene_variant	MODIFIER	W3030G04120	W3030G04110,W3030G04120,W3030G04130,W3030G04130-W3030Gtrna22L,W3030G04140,W3030G04150,W3030G04160	W3030G04090	YGR175C	ERG1	8003	downstream	W3030G04130		W303_0G04130	128	downstream	False
WTA-55-1	WTA	w303_scaffold_7	855989	C	CAA	45.2633	INSERTION	upstream_gene_variant	MODIFIER	W3030G04130	W3030G04110,W3030G04120,W3030G04130,W3030G04130-W3030Gtrna22L,W3030G04140,W3030G04150,W3030G04160	W3030G04090	YGR175C	ERG1	8003	downstream	W3030G04130		W303_0G04130	128	downstream	True
WTA-55-1	WTA	w303_scaffold_7	855989	C	CAA	45.2633	INSERTION	upstream_gene_variant	MODIFIER	W3030G04140	W3030G04110,W3030G04120,W3030G04130,W3030G04130-W3030Gtrna22L,W3030G04140,W3030G04150,W3030G04160	W3030G04090	YGR175C	ERG1	8003	downstream	W3030G04130		W303_0G04130	128	downstream	False
WTA-55-1	WTA	w303_scaffold_7	855989	C	CAA	45.2633	INSERTION	downstream_gene_variant	MODIFIER	W3030G04150	W3030G04110,W3030G04120,W3030G04130,W3030G04130-W3030Gtrna22L,W3030G04140,W3030G04150,W3030G04160	W3030G04090	YGR175C	ERG1	8003	downstream	W3030G04130		W303_0G04130	128	downstream	False
WTA-55-1	WTA	w303_scaffold_7	855989	C	CAA	45.2633	INSERTION	downstream_gene_variant	MODIFIER	W3030G04160	W3030G04110,W3030G04120,W3030G04130,W3030G04130-W3030Gtrna22L,W3030G04140,W3030G04150,W3030G04160	W3030G04090	YGR175C	ERG1	8003	downstream	W3030G04130		W303_0G04130	128	downstream	False
WTA-55-1	WTA	w303_scaffold_7	855989	C	CAA	45.2633	INSERTION	intergenic_region	MODIFIER	W3030G04130-W3030Gtrna22L	W3030G04110,W3030G04120,W3030G04130,W3030G04130-W3030Gtrna22L,W3030G04140,W3030G04150,W3030G04160	W3030G04090	YGR175C	ERG1	8003	downstream	W3030G04130		W303_0G04130	128	downstream	False
WTA-55-2	WTA	w303_scaffold_16	321651	C	CAT	151.941	INSERTION	upstream_gene_variant	MODIFIER	W3030P01580	W3030P01570,W3030P01580,W3030P01590,W3030P01600,W3030P01610,W3030P01620,W3030P01630,W3030P01640,W3030Ptrna7A-W3030P01610	W3030P01520	YMR015C	ERG5	18840	downstream	W3030Ptrna7A			109	downstream	False
WTA-55-2	WTA	w303_scaffold_16	321651	C	CAT	151.941	INSERTION	upstream_gene_variant	MODIFIER	W3030P01600	W3030P01570,W3030P01580,W3030P01590,W3030P01600,W3030P01610,W3030P01620,W3030P01630,W3030P01640,W3030Ptrna7A-W3030P01610	W3030P01520	YMR015C	ERG5	18840	downstream	W3030Ptrna7A			109	downstream	False
WTA-55-2	WTA	w303_scaffold_16	321651	C	CAT	151.941	INSERTION	upstream_gene_variant	MODIFIER	W3030P01610	W3030P01570,W3030P01580,W3030P01590,W3030P01600,W3030P01610,W3030P01620,W3030P01630,W3030P01640,W3030Ptrna7A-W3030P01610	W3030P01520	YMR015C	ERG5	18840	downstream	W3030Ptrna7A			109	downstream	False
WTA-55-2	WTA	w303_scaffold_16	321651	C	CAT	151.941	INSERTION	upstream_gene_variant	MODIFIER	W3030P01620	W3030P01570,W3030P01580,W3030P01590,W3030P01600,W3030P01610,W3030P01620,W3030P01630,W3030P01640,W3030Ptrna7A-W3030P01610	W3030P01520	YMR015C	ERG5	18840	downstream	W3030Ptrna7A			109	downstream	False
WTA-55-2	WTA	w303_scaffold_16	321651	C	CAT	151.941	INSERTION	upstream_gene_variant	MODIFIER	W3030P01640	W3030P01570,W3030P01580,W3030P01590,W3030P01600,W3030P01610,W3030P01620,W3030P01630,W3030P01640,W3030Ptrna7A-W3030P01610	W3030P01520	YMR015C	ERG5	18840	downstream	W3030Ptrna7A			109	downstream	False
WTA-55-2	WTA	w303_scaffold_16	321651	C	CAT	151.941	INSERTION	downstream_gene_variant	MODIFIER	W3030P01570	W3030P01570,W3030P01580,W3030P01590,W3030P01600,W3030P01610,W3030P01620,W3030P01630,W3030P01640,W3030Ptrna7A-W3030P01610	W3030P01520	YMR015C	ERG5	18840	downstream	W3030Ptrna7A			109	downstream	False
WTA-55-2	WTA	w303_scaffold_16	321651	C	CAT	151.941	INSERTION	downstream_gene_variant	MODIFIER	W3030P01590	W3030P01570,W3030P01580,W3030P01590,W3030P01600,W3030P01610,W3030P01620,W3030P01630,W3030P01640,W3030Ptrna7A-W3030P01610	W3030P01520	YMR015C	ERG5	18840	downstream	W3030Ptrna7A			109	downstream	False
WTA-55-2	WTA	w303_scaffold_16	321651	C	CAT	151.941	INSERTION	downstream_gene_variant	MODIFIER	W3030P01630	W3030P01570,W3030P01580,W3030P01590,W3030P01600,W3030P01610,W3030P01620,W3030P01630,W3030P01640,W3030Ptrna7A-W3030P01610	W3030P01520	YMR015C	ERG5	18840	downstream	W3030Ptrna7A			109	downstream	False
WTA-55-2	WTA	w303_scaffold_16	321651	C	CAT	151.941	INSERTION	intergenic_region	MODIFIER	W3030Ptrna7A-W3030P01610	W3030P01570,W3030P01580,W3030P01590,W3030P01600,W3030P01610,W3030P01620,W3030P01630,W3030P01640,W3030Ptrna7A-W3030P01610	W3030P01520	YMR015C	ERG5	18840	downstream	W3030Ptrna7A			109	downstream	False
WTA-55-3	WTA	w303_scaffold_7	855989	C	CA	33.8226	INSERTION	upstream_gene_variant	MODIFIER	W3030G04110	W3030G04110,W3030G04120,W3030G04130,W3030G04130-W3030Gtrna22L,W3030G04140,W3030G04150,W3030G04160	W3030G04090	YGR175C	ERG1	8003	downstream	W3030G04130		W303_0G04130	128	downstream	False
WTA-55-3	WTA	w303_scaffold_7	855989	C	CA	33.8226	INSERTION	upstream_gene_variant	MODIFIER	W3030G04120	W3030G04110,W3030G04120,W3030G04130,W3030G04130-W3030Gtrna22L,W3030G04140,W3030G04150,W3030G04160	W3030G04090	YGR175C	ERG1	8003	downstream	W3030G04130		W303_0G04130	128	downstream	False
WTA-55-3	WTA	w303_scaffold_7	855989	C	CA	33.8226	INSERTION	upstream_gene_variant	MODIFIER	W3030G04130	W3030G04110,W3030G04120,W3030G04130,W3030G04130-W3030Gtrna22L,W3030G04140,W3030G04150,W3030G04160	W3030G04090	YGR175C	ERG1	8003	downstream	W3030G04130		W303_0G04130	128	downstream	True
WTA-55-3	WTA	w303_scaffold_7	855989	C	CA	33.8226	INSERTION	upstream_gene_variant	MODIFIER	W3030G04140	W3030G04110,W3030G04120,W3030G04130,W3030G04130-W3030Gtrna22L,W3030G04140,W3030G04150,W3030G04160	W3030G04090	YGR175C	ERG1	8003	downstream	W3030G04130		W303_0G04130	128	downstream	False
WTA-55-3	WTA	w303_scaffold_7	855989	C	CA	33.8226	INSERTION	downstream_gene_variant	MODIFIER	W3030G04150	W3030G04110,W3030G04120,W3030G04130,W3030G04130-W3030Gtrna22L,W3030G04140,W3030G04150,W3030G04160	W3030G04090	YGR175C	ERG1	8003	downstream	W3030G04130		W303_0G04130	128	downstream	False
WTA-55-3	WTA	w303_scaffold_7	855989	C	CA	33.8226	INSERTION	downstream_gene_variant	MODIFIER	W3030G04160	W3030G04110,W3030G04120,W3030G04130,W3030G04130-W3030Gtrna22L,W3030G04140,W3030G04150,W3030G04160	W3030G04090	YGR175C	ERG1	8003	downstream	W3030G04130		W303_0G04130	128	downstream	False
WTA-55-3	WTA	w303_scaffold_7	855989	C	CA	33.8226	INSERTION	intergenic_region	MODIFIER	W3030G04130-W3030Gtrna22L	W3030G04110,W3030G04120,W3030G04130,W3030G04130-W3030Gtrna22L,W3030G04140,W3030G04150,W3030G04160	W3030G04090	YGR175C	ERG1	8003	downstream	W3030G04130		W303_0G04130	128	downstream	False
WTA-55-3	WTA	w303_scaffold_8	74766	GCAGCCACCAAGCCGGTTTTTACAGATCTACCGGCGGGGGGNNNNNNNNNN	G	33.9897	DELETION	frameshift_variant&stop_lost&splice_region_variant	HIGH	W3030H00410	W3030H00380,W3030H00390,W3030H00400,W3030H00400-W3030H00410,W3030H00410,W3030H00420,W3030H00430,W3030H00440,W3030H00450	W3030H00650	YHR007C	ERG11	40943	upstream	W3030H00410		W303_0H00410	19	upstream	True
WTA-55-3	WTA	w303_scaffold_8	74766	GCAGCCACCAAGCCGGTTTTTACAGATCTACCGGCGGGGGGNNNNNNNNNN	G	33.9897	DELETION	upstream_gene_variant	MODIFIER	W3030H00380	W3030H00380,W3030H00390,W3030H00400,W3030H00400-W3030H00410,W3030H00410,W3030H00420,W3030H00430,W3030H00440,W3030H00450	W3030H00650	YHR007C	ERG11	40943	upstream	W3030H00410		W303_0H00410	19	upstream	False
WTA-55-3	WTA	w303_scaffold_8	74766	GCAGCCACCAAGCCGGTTTTTACAGATCTACCGGCGGGGGGNNNNNNNNNN	G	33.9897	DELETION	upstream_gene_variant	MODIFIER	W3030H00420	W3030H00380,W3030H00390,W3030H00400,W3030H00400-W3030H00410,W3030H00410,W3030H00420,W3030H00430,W3030H00440,W3030H00450	W3030H00650	YHR007C	ERG11	40943	upstream	W3030H00410		W303_0H00410	19	upstream	False
WTA-55-3	WTA	w303_scaffold_8	74766	GCAGCCACCAAGCCGGTTTTTACAGATCTACCGGCGGGGGGNNNNNNNNNN	G	33.9897	DELETION	upstream_gene_variant	MODIFIER	W3030H00450	W3030H00380,W3030H00390,W3030H00400,W3030H00400-W3030H00410,W3030H00410,W3030H00420,W3030H00430,W3030H00440,W3030H00450	W3030H00650	YHR007C	ERG11	40943	upstream	W3030H00410		W303_0H00410	19	upstream	False
WTA-55-3	WTA	w303_scaffold_8	74766	GCAGCCACCAAGCCGGTTTTTACAGATCTACCGGCGGGGGGNNNNNNNNNN	G	33.9897	DELETION	downstream_gene_variant	MODIFIER	W3030H00390	W3030H00380,W3030H00390,W3030H00400,W3030H00400-W3030H00410,W3030H00410,W3030H00420,W3030H00430,W3030H00440,W3030H00450	W3030H00650	YHR007C	ERG11	40943	upstream	W3030H00410		W303_0H00410	19	upstream	False
WTA-55-3	WTA	w303_scaffold_8	74766	GCAGCCACCAAGCCGGTTTTTACAGATCTACCGGCGGGGGGNNNNNNNNNN	G	33.9897	DELETION	downstream_gene_variant	MODIFIER	W3030H00400	W3030H00380,W3030H00390,W3030H00400,W3030H00400-W3030H00410,W3030H00410,W3030H00420,W3030H00430,W3030H00440,W3030H00450	W3030H00650	YHR007C	ERG11	40943	upstream	W3030H00410		W303_0H00410	19	upstream	False
WTA-55-3	WTA	w303_scaffold_8	74766	GCAGCCACCAAGCCGGTTTTTACAGATCTACCGGCGGGGGGNNNNNNNNNN	G	33.9897	DELETION	downstream_gene_variant	MODIFIER	W3030H00410	W3030H00380,W3030H00390,W3030H00400,W3030H00400-W3030H00410,W3030H00410,W3030H00420,W3030H00430,W3030H00440,W3030H00450	W3030H00650	YHR007C	ERG11	40943	upstream	W3030H00410		W303_0H00410	19	upstream	True
WTA-55-3	WTA	w303_scaffold_8	74766	GCAGCCACCAAGCCGGTTTTTACAGATCTACCGGCGGGGGGNNNNNNNNNN	G	33.9897	DELETION	downstream_gene_variant	MODIFIER	W3030H00430	W3030H00380,W3030H00390,W3030H00400,W3030H00400-W3030H00410,W3030H00410,W3030H00420,W3030H00430,W3030H00440,W3030H00450	W3030H00650	YHR007C	ERG11	40943	upstream	W3030H00410		W303_0H00410	19	upstream	False
WTA-55-3	WTA	w303_scaffold_8	74766	GCAGCCACCAAGCCGGTTTTTACAGATCTACCGGCGGGGGGNNNNNNNNNN	G	33.9897	DELETION	downstream_gene_variant	MODIFIER	W3030H00440	W3030H00380,W3030H00390,W3030H00400,W3030H00400-W3030H00410,W3030H00410,W3030H00420,W3030H00430,W3030H00440,W3030H00450	W3030H00650	YHR007C	ERG11	40943	upstream	W3030H00410		W303_0H00410	19	upstream	False
WTA-55-3	WTA	w303_scaffold_8	74766	GCAGCCACCAAGCCGGTTTTTACAGATCTACCGGCGGGGGGNNNNNNNNNN	G	33.9897	DELETION	intergenic_region	MODIFIER	W3030H00400-W3030H00410	W3030H00380,W3030H00390,W3030H00400,W3030H00400-W3030H00410,W3030H00410,W3030H00420,W3030H00430,W3030H00440,W3030H00450	W3030H00650	YHR007C	ERG11	40943	upstream	W3030H00410		W303_0H00410	19	upstream	False
